order_id,customer_id,product_id,order_date,quantity,price,discount,revenue,status
O000001,C0154,P010,2026-07-10,4,1599,0,6396.0,Returned
O000002,C0079,P010,2026-04-04,4,1599,50,6346.0,Completed
O000003,C0094,P004,2026-09-07,4,5499,150,21846.0,Completed
O000004,C0111,P002,2026-08-15,1,3999,300,3699.0,Completed
O000005,C0237,P003,2026-03-22,1,2999,200,2799.0,Completed
O000006,C0134,P014,2026-04-15,4,5999,100,23896.0,Completed
O000007,C0080,P011,2026-07-21,3,1299,0,3897.0,Completed
O000008,C0145,P013,2026-07-25,4,3499,500,13496.0,Completed
O000009,C0119,P002,2026-06-24,4,3999,50,15946.0,Completed
O000010,C0174,P003,2026-05-28,4,2999,0,11996.0,Completed
O000011,C0118,P004,2026-04-29,3,5499,0,16497.0,Completed
O000012,C0334,P002,2026-08-07,1,3999,200,3799.0,Completed
O000013,C0387,P010,2026-06-29,2,1599,0,3198.0,Completed
O000014,C0201,P009,2026-07-21,4,1499,100,5896.0,Completed
O000015,C0189,P015,2026-04-21,1,1199,50,1149.0,Returned
O000016,C0220,P003,2026-05-10,2,2999,100,5898.0,Completed
O000017,C0206,P002,2026-08-29,4,3999,100,15896.0,Completed
O000018,C0295,P005,2026-04-13,3,999,0,2997.0,Completed
O000019,C0189,P009,2026-08-02,3,1499,150,4347.0,Completed
O000020,C0458,P001,2026-07-06,4,2499,0,9996.0,Completed
O000021,C0276,P010,2026-08-13,1,1599,0,1599.0,Completed
O000022,C0403,P005,2026-05-28,3,999,300,2697.0,Completed
O000023,C0236,P010,2026-05-05,4,1599,0,6396.0,Completed
O000024,C0070,P010,2026-07-01,4,1599,0,6396.0,Completed
O000025,C0151,P012,2026-07-21,2,899,0,1798.0,Completed
O000026,C0473,P006,2026-06-07,1,2799,200,2599.0,Completed
O000027,C0442,P008,2026-04-25,1,2299,100,2199.0,Completed
O000028,C0382,P008,2026-07-06,3,2299,150,6747.0,Completed
O000029,C0049,P004,2026-07-04,4,5499,100,21896.0,Completed
O000030,C0390,P009,2026-07-31,3,1499,0,4497.0,Completed
O000031,C0036,P005,2026-08-03,4,999,50,3946.0,Completed
O000032,C0019,P003,2026-04-05,2,2999,100,5898.0,Completed
O000033,C0224,P001,2026-05-31,3,2499,100,7397.0,Completed
O000034,C0226,P009,2026-09-12,4,1499,0,5996.0,Completed
O000035,C0175,P008,2026-07-21,4,2299,50,9146.0,Completed
O000036,C0161,P006,2026-09-14,2,2799,150,5448.0,Completed
O000037,C0018,P007,2026-08-15,1,1799,50,1749.0,Completed
O000038,C0100,P014,2026-09-11,2,5999,100,11898.0,Completed
O000039,C0327,P007,2026-07-21,1,1799,0,1799.0,Completed
O000040,C0326,P003,2026-05-25,1,2999,100,2899.0,Completed
O000041,C0491,P005,2026-06-26,3,999,300,2697.0,Completed
O000042,C0224,P005,2026-06-07,2,999,500,1498.0,Completed
O000043,C0431,P010,2026-03-23,4,1599,0,6396.0,Completed
O000044,C0331,P014,2026-06-06,3,5999,150,17847.0,Completed
O000045,C0236,P002,2026-09-01,3,3999,150,11847.0,Completed
O000046,C0126,P005,2026-04-29,3,999,100,2897.0,Completed
O000047,C0111,P015,2026-09-07,1,1199,300,899.0,Completed
O000048,C0069,P012,2026-06-05,1,899,500,399.0,Completed
O000049,C0201,P007,2026-08-18,4,1799,0,7196.0,Completed
O000050,C0279,P014,2026-05-17,2,5999,200,11798.0,Completed
O000051,C0321,P013,2026-07-29,4,3499,200,13796.0,Completed
O000052,C0080,P014,2026-04-15,2,5999,150,11848.0,Completed
O000053,C0380,P005,2026-09-05,2,999,200,1798.0,Completed
O000054,C0163,P004,2026-06-14,3,5499,300,16197.0,Completed
O000055,C0290,P005,2026-07-20,4,999,0,3996.0,Completed
O000056,C0318,P010,2026-05-10,1,1599,500,1099.0,Completed
O000057,C0454,P011,2026-07-05,4,1299,150,5046.0,Completed
O000058,C0448,P003,2026-06-17,2,2999,100,5898.0,Completed
O000059,C0277,P015,2026-06-10,4,1199,50,4746.0,Completed
O000060,C0082,P013,2026-06-15,1,3499,500,2999.0,Completed
O000061,C0081,P006,2026-07-15,1,2799,0,2799.0,Completed
O000062,C0390,P013,2026-07-25,2,3499,50,6948.0,Completed
O000063,C0398,P002,2026-08-31,2,3999,300,7698.0,Completed
O000064,C0209,P008,2026-03-31,4,2299,0,9196.0,Completed
O000065,C0376,P006,2026-08-04,1,2799,200,2599.0,Completed
O000066,C0342,P001,2026-09-15,2,2499,100,4898.0,Completed
O000067,C0145,P003,2026-07-28,1,2999,300,2699.0,Completed
O000068,C0080,P002,2026-06-04,1,3999,150,3849.0,Completed
O000069,C0249,P010,2026-09-13,3,1599,300,4497.0,Cancelled
O000070,C0157,P015,2026-05-09,4,1199,200,4596.0,Completed
O000071,C0474,P015,2026-05-19,4,1199,0,4796.0,Completed
O000072,C0067,P004,2026-04-22,1,5499,50,5449.0,Completed
O000073,C0326,P013,2026-09-01,1,3499,300,3199.0,Completed
O000074,C0256,P010,2026-09-07,1,1599,0,1599.0,Completed
O000075,C0437,P001,2026-07-06,1,2499,0,2499.0,Completed
O000076,C0065,P009,2026-09-17,3,1499,500,3997.0,Completed
O000077,C0352,P011,2026-07-07,1,1299,150,1149.0,Completed
O000078,C0331,P009,2026-07-07,3,1499,50,4447.0,Completed
O000079,C0057,P009,2026-04-20,1,1499,150,1349.0,Completed
O000080,C0241,P004,2026-08-02,2,5499,150,10848.0,Cancelled
O000081,C0166,P012,2026-05-02,4,899,150,3446.0,Completed
O000082,C0241,P015,2026-06-14,2,1199,500,1898.0,Completed
O000083,C0006,P011,2026-08-15,1,1299,0,1299.0,Completed
O000084,C0073,P002,2026-05-26,1,3999,0,3999.0,Completed
O000085,C0224,P005,2026-04-03,3,999,500,2497.0,Completed
O000086,C0080,P014,2026-06-22,1,5999,150,5849.0,Completed
O000087,C0145,P007,2026-04-02,1,1799,0,1799.0,Completed
O000088,C0069,P011,2026-06-21,2,1299,200,2398.0,Completed
O000089,C0494,P010,2026-06-25,3,1599,0,4797.0,Completed
O000090,C0082,P002,2026-07-16,4,3999,300,15696.0,Completed
O000091,C0183,P012,2026-09-04,4,899,300,3296.0,Completed
O000092,C0080,P002,2026-05-01,2,3999,0,7998.0,Completed
O000093,C0477,P010,2026-05-07,4,1599,500,5896.0,Completed
O000094,C0398,P006,2026-07-23,1,2799,50,2749.0,Completed
O000095,C0060,P015,2026-04-02,4,1199,500,4296.0,Completed
O000096,C0328,P006,2026-09-09,1,2799,100,2699.0,Completed
O000097,C0247,P009,2026-09-07,1,1499,300,1199.0,Completed
O000098,C0236,P006,2026-08-11,4,2799,50,11146.0,Completed
O000099,C0304,P001,2026-07-29,1,2499,50,2449.0,Completed
O000100,C0446,P008,2026-07-25,2,2299,0,4598.0,Completed
O000101,C0150,P005,2026-08-09,1,999,100,899.0,Completed
O000102,C0194,P014,2026-07-17,2,5999,0,11998.0,Completed
O000103,C0279,P008,2026-07-14,1,2299,500,1799.0,Completed
O000104,C0241,P012,2026-07-03,1,899,0,899.0,Completed
O000105,C0269,P009,2026-08-23,1,1499,0,1499.0,Returned
O000106,C0320,P005,2026-06-17,2,999,500,1498.0,Completed
O000107,C0028,P014,2026-06-14,2,5999,500,11498.0,Completed
O000108,C0309,P010,2026-07-15,4,1599,200,6196.0,Completed
O000109,C0390,P011,2026-06-17,2,1299,0,2598.0,Completed
O000110,C0318,P013,2026-09-17,3,3499,200,10297.0,Completed
O000111,C0472,P003,2026-07-04,4,2999,50,11946.0,Completed
O000112,C0303,P004,2026-06-30,2,5499,0,10998.0,Completed
O000113,C0431,P013,2026-04-18,2,3499,200,6798.0,Completed
O000114,C0027,P015,2026-07-17,1,1199,500,699.0,Completed
O000115,C0494,P009,2026-03-23,2,1499,500,2498.0,Completed
O000116,C0027,P009,2026-07-30,4,1499,500,5496.0,Completed
O000117,C0477,P003,2026-04-17,2,2999,50,5948.0,Completed
O000118,C0297,P010,2026-07-07,3,1599,300,4497.0,Cancelled
O000119,C0479,P012,2026-07-01,2,899,150,1648.0,Returned
O000120,C0134,P008,2026-07-05,2,2299,50,4548.0,Completed
O000121,C0467,P012,2026-08-10,3,899,200,2497.0,Completed
O000122,C0091,P004,2026-09-10,3,5499,200,16297.0,Completed
O000123,C0359,P011,2026-04-20,2,1299,200,2398.0,Completed
O000124,C0273,P008,2026-07-08,4,2299,150,9046.0,Completed
O000125,C0250,P002,2026-04-28,1,3999,300,3699.0,Completed
O000126,C0029,P004,2026-06-03,3,5499,50,16447.0,Completed
O000127,C0072,P014,2026-05-13,1,5999,150,5849.0,Completed
O000128,C0022,P006,2026-08-26,4,2799,0,11196.0,Completed
O000129,C0380,P009,2026-05-21,2,1499,300,2698.0,Completed
O000130,C0410,P013,2026-06-27,3,3499,0,10497.0,Completed
O000131,C0494,P013,2026-03-25,3,3499,0,10497.0,Completed
O000132,C0092,P010,2026-08-31,4,1599,100,6296.0,Completed
O000133,C0326,P006,2026-06-05,2,2799,100,5498.0,Completed
O000134,C0345,P002,2026-07-31,2,3999,50,7948.0,Completed
O000135,C0025,P007,2026-04-24,3,1799,150,5247.0,Completed
O000136,C0444,P005,2026-07-19,1,999,200,799.0,Completed
O000137,C0077,P001,2026-08-21,2,2499,200,4798.0,Completed
O000138,C0484,P011,2026-08-15,3,1299,500,3397.0,Completed
O000139,C0041,P013,2026-05-08,3,3499,100,10397.0,Completed
O000140,C0403,P009,2026-08-08,2,1499,300,2698.0,Completed
O000141,C0050,P006,2026-09-07,2,2799,100,5498.0,Completed
O000142,C0167,P005,2026-08-12,2,999,500,1498.0,Completed
O000143,C0326,P001,2026-07-14,1,2499,200,2299.0,Completed
O000144,C0324,P010,2026-09-12,2,1599,0,3198.0,Completed
O000145,C0181,P015,2026-05-26,1,1199,300,899.0,Completed
O000146,C0127,P001,2026-07-24,3,2499,500,6997.0,Completed
O000147,C0473,P011,2026-07-31,2,1299,200,2398.0,Completed
O000148,C0051,P003,2026-05-14,1,2999,0,2999.0,Completed
O000149,C0396,P004,2026-05-13,4,5499,0,21996.0,Completed
O000150,C0356,P015,2026-09-13,4,1199,0,4796.0,Completed
O000151,C0224,P012,2026-04-13,3,899,0,2697.0,Completed
O000152,C0081,P013,2026-08-16,3,3499,0,10497.0,Completed
O000153,C0477,P005,2026-07-15,4,999,300,3696.0,Completed
O000154,C0210,P006,2026-09-10,1,2799,300,2499.0,Completed
O000155,C0003,P011,2026-09-17,1,1299,0,1299.0,Completed
O000156,C0166,P015,2026-09-13,1,1199,150,1049.0,Completed
O000157,C0049,P005,2026-07-01,4,999,300,3696.0,Completed
O000158,C0021,P008,2026-04-25,2,2299,100,4498.0,Completed
O000159,C0410,P013,2026-06-06,3,3499,50,10447.0,Completed
O000160,C0478,P013,2026-08-10,3,3499,0,10497.0,Completed
O000161,C0069,P002,2026-08-15,1,3999,0,3999.0,Completed
O000162,C0257,P009,2026-05-14,1,1499,150,1349.0,Completed
O000163,C0474,P012,2026-07-05,3,899,100,2597.0,Completed
O000164,C0446,P009,2026-05-08,2,1499,50,2948.0,Completed
O000165,C0437,P005,2026-05-07,2,999,0,1998.0,Completed
O000166,C0277,P014,2026-09-03,1,5999,500,5499.0,Completed
O000167,C0132,P011,2026-04-16,1,1299,150,1149.0,Completed
O000168,C0286,P008,2026-04-23,3,2299,200,6697.0,Completed
O000169,C0109,P002,2026-05-10,3,3999,0,11997.0,Completed
O000170,C0220,P006,2026-08-13,3,2799,50,8347.0,Completed
O000171,C0420,P006,2026-03-23,4,2799,50,11146.0,Completed
O000172,C0403,P004,2026-06-22,4,5499,150,21846.0,Completed
O000173,C0377,P006,2026-07-14,4,2799,500,10696.0,Completed
O000174,C0142,P008,2026-09-03,1,2299,50,2249.0,Completed
O000175,C0439,P005,2026-05-28,2,999,100,1898.0,Completed
O000176,C0316,P002,2026-07-29,1,3999,0,3999.0,Completed
O000177,C0423,P010,2026-03-31,4,1599,100,6296.0,Completed
O000178,C0262,P015,2026-06-23,4,1199,50,4746.0,Completed
O000179,C0468,P013,2026-07-18,3,3499,50,10447.0,Completed
O000180,C0050,P007,2026-09-07,3,1799,0,5397.0,Completed
O000181,C0499,P013,2026-07-14,2,3499,50,6948.0,Completed
O000182,C0276,P010,2026-06-21,2,1599,500,2698.0,Completed
O000183,C0390,P008,2026-05-28,2,2299,0,4598.0,Completed
O000184,C0026,P011,2026-06-29,2,1299,200,2398.0,Completed
O000185,C0223,P015,2026-09-04,1,1199,0,1199.0,Completed
O000186,C0356,P009,2026-08-17,3,1499,150,4347.0,Completed
O000187,C0080,P007,2026-08-19,4,1799,200,6996.0,Completed
O000188,C0437,P002,2026-05-18,3,3999,300,11697.0,Completed
O000189,C0162,P014,2026-07-23,3,5999,500,17497.0,Completed
O000190,C0003,P009,2026-05-03,2,1499,500,2498.0,Completed
O000191,C0246,P011,2026-04-29,3,1299,100,3797.0,Completed
O000192,C0170,P010,2026-07-06,1,1599,100,1499.0,Completed
O000193,C0369,P002,2026-07-22,4,3999,500,15496.0,Completed
O000194,C0079,P011,2026-05-23,4,1299,0,5196.0,Completed
O000195,C0279,P010,2026-08-30,2,1599,50,3148.0,Completed
O000196,C0468,P010,2026-05-03,2,1599,0,3198.0,Completed
O000197,C0082,P009,2026-09-07,4,1499,0,5996.0,Completed
O000198,C0493,P002,2026-08-24,2,3999,500,7498.0,Cancelled
O000199,C0454,P008,2026-07-05,2,2299,100,4498.0,Completed
O000200,C0408,P010,2026-05-03,2,1599,150,3048.0,Completed
O000201,C0157,P015,2026-05-19,4,1199,0,4796.0,Completed
O000202,C0067,P002,2026-08-02,1,3999,100,3899.0,Completed
O000203,C0244,P011,2026-08-24,4,1299,50,5146.0,Completed
O000204,C0234,P015,2026-04-14,1,1199,0,1199.0,Completed
O000205,C0067,P015,2026-08-02,1,1199,300,899.0,Completed
O000206,C0460,P001,2026-07-23,4,2499,100,9896.0,Completed
O000207,C0180,P006,2026-04-25,1,2799,300,2499.0,Completed
O000208,C0392,P004,2026-08-22,1,5499,150,5349.0,Completed
O000209,C0196,P005,2026-03-23,2,999,0,1998.0,Completed
O000210,C0063,P009,2026-09-05,1,1499,300,1199.0,Completed
O000211,C0418,P006,2026-04-18,4,2799,200,10996.0,Completed
O000212,C0327,P010,2026-08-06,3,1599,150,4647.0,Completed
O000213,C0172,P010,2026-05-13,3,1599,300,4497.0,Completed
O000214,C0400,P009,2026-06-24,4,1499,50,5946.0,Completed
O000215,C0236,P005,2026-09-18,3,999,200,2797.0,Completed
O000216,C0069,P014,2026-07-14,1,5999,100,5899.0,Completed
O000217,C0493,P003,2026-07-30,1,2999,100,2899.0,Completed
O000218,C0154,P013,2026-06-29,1,3499,50,3449.0,Returned
O000219,C0002,P013,2026-07-20,1,3499,50,3449.0,Completed
O000220,C0210,P002,2026-05-17,1,3999,150,3849.0,Completed
O000221,C0302,P001,2026-08-26,4,2499,300,9696.0,Completed
O000222,C0128,P012,2026-09-01,1,899,50,849.0,Completed
O000223,C0004,P004,2026-03-30,3,5499,100,16397.0,Completed
O000224,C0244,P009,2026-09-10,2,1499,50,2948.0,Completed
O000225,C0111,P011,2026-04-13,1,1299,50,1249.0,Cancelled
O000226,C0398,P007,2026-07-03,3,1799,300,5097.0,Completed
O000227,C0247,P001,2026-08-09,1,2499,0,2499.0,Completed
O000228,C0436,P009,2026-05-31,3,1499,200,4297.0,Completed
O000229,C0498,P004,2026-08-16,4,5499,300,21696.0,Completed
O000230,C0080,P007,2026-07-28,1,1799,0,1799.0,Completed
O000231,C0493,P002,2026-09-15,3,3999,150,11847.0,Completed
O000232,C0177,P010,2026-06-16,4,1599,100,6296.0,Returned
O000233,C0224,P011,2026-07-23,4,1299,0,5196.0,Completed
O000234,C0036,P007,2026-06-10,2,1799,100,3498.0,Completed
O000235,C0163,P009,2026-05-24,1,1499,150,1349.0,Completed
O000236,C0191,P011,2026-08-10,3,1299,0,3897.0,Returned
O000237,C0234,P006,2026-08-15,3,2799,100,8297.0,Completed
O000238,C0493,P012,2026-05-12,2,899,500,1298.0,Completed
O000239,C0113,P014,2026-05-19,3,5999,100,17897.0,Completed
O000240,C0115,P014,2026-04-18,3,5999,50,17947.0,Completed
O000241,C0043,P011,2026-08-07,4,1299,0,5196.0,Returned
O000242,C0444,P008,2026-07-26,3,2299,200,6697.0,Completed
O000243,C0464,P015,2026-05-07,3,1199,500,3097.0,Cancelled
O000244,C0479,P009,2026-05-17,3,1499,300,4197.0,Completed
O000245,C0067,P001,2026-08-07,4,2499,500,9496.0,Completed
O000246,C0159,P007,2026-04-21,2,1799,500,3098.0,Completed
O000247,C0224,P006,2026-09-10,1,2799,0,2799.0,Completed
O000248,C0286,P002,2026-08-25,3,3999,200,11797.0,Completed
O000249,C0083,P009,2026-05-29,3,1499,100,4397.0,Completed
O000250,C0304,P006,2026-07-27,3,2799,50,8347.0,Completed
O000251,C0201,P012,2026-07-02,3,899,200,2497.0,Completed
O000252,C0082,P010,2026-04-16,2,1599,100,3098.0,Completed
O000253,C0418,P004,2026-05-11,4,5499,300,21696.0,Completed
O000254,C0495,P012,2026-03-24,2,899,500,1298.0,Completed
O000255,C0242,P003,2026-06-06,3,2999,500,8497.0,Completed
O000256,C0451,P010,2026-04-16,1,1599,300,1299.0,Completed
O000257,C0031,P004,2026-08-30,3,5499,500,15997.0,Completed
O000258,C0382,P006,2026-06-22,3,2799,200,8197.0,Completed
O000259,C0484,P013,2026-03-27,3,3499,200,10297.0,Completed
O000260,C0161,P014,2026-06-02,2,5999,50,11948.0,Completed
O000261,C0338,P009,2026-04-11,4,1499,500,5496.0,Completed
O000262,C0128,P008,2026-09-01,2,2299,50,4548.0,Completed
O000263,C0153,P007,2026-04-11,4,1799,0,7196.0,Completed
O000264,C0106,P006,2026-05-29,3,2799,150,8247.0,Completed
O000265,C0189,P005,2026-08-19,4,999,200,3796.0,Completed
O000266,C0220,P007,2026-03-27,2,1799,50,3548.0,Completed
O000267,C0109,P011,2026-05-14,3,1299,0,3897.0,Completed
O000268,C0057,P002,2026-08-09,1,3999,500,3499.0,Completed
O000269,C0395,P007,2026-05-28,1,1799,0,1799.0,Completed
O000270,C0047,P011,2026-05-19,4,1299,150,5046.0,Completed
O000271,C0127,P008,2026-08-03,2,2299,50,4548.0,Completed
O000272,C0019,P001,2026-07-21,3,2499,200,7297.0,Completed
O000273,C0458,P009,2026-04-25,3,1499,500,3997.0,Returned
O000274,C0352,P009,2026-08-30,2,1499,500,2498.0,Completed
O000275,C0461,P010,2026-06-18,4,1599,150,6246.0,Completed
O000276,C0106,P013,2026-06-08,1,3499,500,2999.0,Completed
O000277,C0118,P003,2026-03-22,3,2999,0,8997.0,Completed
O000278,C0389,P014,2026-06-03,2,5999,200,11798.0,Completed
O000279,C0003,P012,2026-06-06,4,899,500,3096.0,Completed
O000280,C0210,P013,2026-03-23,3,3499,100,10397.0,Completed
O000281,C0083,P007,2026-05-24,4,1799,300,6896.0,Completed
O000282,C0378,P011,2026-05-17,4,1299,300,4896.0,Completed
O000283,C0206,P011,2026-06-02,2,1299,150,2448.0,Completed
O000284,C0254,P013,2026-05-09,3,3499,300,10197.0,Completed
O000285,C0082,P003,2026-09-01,3,2999,0,8997.0,Completed
O000286,C0222,P005,2026-06-12,4,999,100,3896.0,Completed
O000287,C0027,P009,2026-04-17,1,1499,50,1449.0,Completed
O000288,C0066,P012,2026-05-20,4,899,0,3596.0,Completed
O000289,C0008,P008,2026-07-07,2,2299,200,4398.0,Completed
O000290,C0413,P008,2026-09-16,3,2299,500,6397.0,Completed
O000291,C0150,P002,2026-05-29,2,3999,0,7998.0,Completed
O000292,C0041,P009,2026-05-10,4,1499,50,5946.0,Completed
O000293,C0115,P014,2026-04-22,4,5999,0,23996.0,Cancelled
O000294,C0362,P004,2026-05-24,4,5499,500,21496.0,Completed
O000295,C0023,P004,2026-08-02,4,5499,0,21996.0,Completed
O000296,C0095,P008,2026-06-12,4,2299,150,9046.0,Completed
O000297,C0374,P001,2026-07-23,1,2499,150,2349.0,Completed
O000298,C0089,P006,2026-04-19,1,2799,100,2699.0,Completed
O000299,C0210,P006,2026-05-31,1,2799,50,2749.0,Completed
O000300,C0189,P013,2026-04-01,2,3499,0,6998.0,Completed
O000301,C0351,P008,2026-04-13,2,2299,200,4398.0,Completed
O000302,C0242,P002,2026-04-06,3,3999,0,11997.0,Completed
O000303,C0075,P012,2026-07-24,1,899,50,849.0,Completed
O000304,C0269,P013,2026-05-10,3,3499,500,9997.0,Completed
O000305,C0178,P006,2026-04-01,2,2799,150,5448.0,Completed
O000306,C0212,P009,2026-05-09,3,1499,500,3997.0,Completed
O000307,C0262,P006,2026-05-31,3,2799,500,7897.0,Completed
O000308,C0296,P015,2026-08-04,2,1199,0,2398.0,Completed
O000309,C0135,P014,2026-07-16,3,5999,200,17797.0,Completed
O000310,C0321,P009,2026-03-26,4,1499,50,5946.0,Completed
O000311,C0171,P013,2026-04-07,2,3499,200,6798.0,Completed
O000312,C0258,P014,2026-08-03,4,5999,100,23896.0,Completed
O000313,C0392,P009,2026-06-12,2,1499,150,2848.0,Completed
O000314,C0149,P002,2026-04-02,1,3999,0,3999.0,Completed
O000315,C0067,P003,2026-04-18,1,2999,100,2899.0,Completed
O000316,C0054,P001,2026-08-03,4,2499,500,9496.0,Completed
O000317,C0293,P005,2026-05-17,1,999,200,799.0,Completed
O000318,C0041,P001,2026-04-11,2,2499,500,4498.0,Completed
O000319,C0322,P001,2026-06-24,3,2499,300,7197.0,Completed
O000320,C0030,P014,2026-04-09,3,5999,0,17997.0,Completed
O000321,C0043,P004,2026-05-20,1,5499,0,5499.0,Completed
O000322,C0084,P004,2026-08-11,2,5499,50,10948.0,Completed
O000323,C0198,P012,2026-09-10,1,899,200,699.0,Completed
O000324,C0332,P007,2026-05-07,1,1799,50,1749.0,Completed
O000325,C0244,P006,2026-06-20,2,2799,500,5098.0,Completed
O000326,C0266,P006,2026-08-31,3,2799,300,8097.0,Completed
O000327,C0373,P006,2026-06-26,2,2799,100,5498.0,Completed
O000328,C0483,P012,2026-07-15,3,899,200,2497.0,Completed
O000329,C0189,P001,2026-08-21,1,2499,150,2349.0,Completed
O000330,C0068,P015,2026-06-06,3,1199,0,3597.0,Cancelled
O000331,C0101,P014,2026-09-14,3,5999,0,17997.0,Completed
O000332,C0480,P009,2026-03-31,2,1499,0,2998.0,Completed
O000333,C0077,P003,2026-08-18,3,2999,200,8797.0,Completed
O000334,C0117,P013,2026-08-15,3,3499,0,10497.0,Completed
O000335,C0480,P004,2026-07-23,1,5499,200,5299.0,Completed
O000336,C0433,P015,2026-03-31,1,1199,150,1049.0,Completed
O000337,C0281,P007,2026-06-15,1,1799,0,1799.0,Completed
O000338,C0427,P007,2026-05-19,4,1799,0,7196.0,Completed
O000339,C0444,P010,2026-04-04,1,1599,300,1299.0,Completed
O000340,C0026,P006,2026-07-28,2,2799,200,5398.0,Completed
O000341,C0074,P001,2026-08-21,4,2499,500,9496.0,Completed
O000342,C0050,P004,2026-06-30,4,5499,150,21846.0,Completed
O000343,C0153,P002,2026-08-09,4,3999,0,15996.0,Completed
O000344,C0047,P007,2026-04-25,4,1799,50,7146.0,Completed
O000345,C0089,P008,2026-08-12,4,2299,100,9096.0,Completed
O000346,C0378,P009,2026-04-09,2,1499,100,2898.0,Completed
O000347,C0210,P006,2026-09-09,1,2799,0,2799.0,Completed
O000348,C0172,P006,2026-06-18,2,2799,200,5398.0,Completed
O000349,C0017,P013,2026-06-19,3,3499,50,10447.0,Completed
O000350,C0416,P008,2026-04-02,2,2299,500,4098.0,Completed
O000351,C0108,P004,2026-04-12,3,5499,50,16447.0,Completed
O000352,C0028,P004,2026-03-25,2,5499,150,10848.0,Completed
O000353,C0418,P002,2026-07-20,3,3999,500,11497.0,Completed
O000354,C0097,P012,2026-08-08,2,899,100,1698.0,Completed
O000355,C0117,P009,2026-09-15,4,1499,50,5946.0,Completed
O000356,C0011,P007,2026-05-04,1,1799,150,1649.0,Completed
O000357,C0091,P013,2026-07-19,3,3499,0,10497.0,Completed
O000358,C0003,P002,2026-09-07,4,3999,150,15846.0,Completed
O000359,C0330,P006,2026-06-04,1,2799,0,2799.0,Completed
O000360,C0326,P007,2026-07-30,2,1799,300,3298.0,Cancelled
O000361,C0055,P015,2026-08-21,3,1199,500,3097.0,Completed
O000362,C0082,P004,2026-04-01,4,5499,0,21996.0,Completed
O000363,C0253,P005,2026-06-30,3,999,500,2497.0,Completed
O000364,C0011,P006,2026-08-29,3,2799,200,8197.0,Completed
O000365,C0243,P005,2026-06-29,1,999,150,849.0,Completed
O000366,C0425,P001,2026-04-29,3,2499,100,7397.0,Completed
O000367,C0188,P011,2026-06-27,2,1299,0,2598.0,Completed
O000368,C0343,P010,2026-05-22,2,1599,300,2898.0,Completed
O000369,C0208,P005,2026-08-07,3,999,500,2497.0,Completed
O000370,C0328,P003,2026-06-09,2,2999,50,5948.0,Completed
O000371,C0473,P009,2026-04-28,2,1499,300,2698.0,Completed
O000372,C0276,P015,2026-04-08,2,1199,200,2198.0,Completed
O000373,C0493,P012,2026-06-11,1,899,50,849.0,Completed
O000374,C0072,P012,2026-07-05,1,899,200,699.0,Returned
O000375,C0142,P008,2026-05-09,3,2299,50,6847.0,Completed
O000376,C0082,P001,2026-08-21,3,2499,100,7397.0,Completed
O000377,C0349,P001,2026-09-14,3,2499,0,7497.0,Completed
O000378,C0068,P009,2026-05-08,4,1499,200,5796.0,Completed
O000379,C0237,P008,2026-05-10,2,2299,50,4548.0,Completed
O000380,C0196,P013,2026-07-05,1,3499,150,3349.0,Completed
O000381,C0337,P004,2026-05-06,2,5499,0,10998.0,Completed
O000382,C0212,P014,2026-07-17,4,5999,200,23796.0,Completed
O000383,C0209,P007,2026-06-10,1,1799,300,1499.0,Completed
O000384,C0490,P012,2026-07-15,1,899,0,899.0,Completed
O000385,C0461,P001,2026-04-01,2,2499,300,4698.0,Completed
O000386,C0247,P013,2026-06-04,1,3499,100,3399.0,Completed
O000387,C0465,P005,2026-05-03,3,999,500,2497.0,Completed
O000388,C0304,P015,2026-07-18,1,1199,50,1149.0,Completed
O000389,C0221,P002,2026-08-18,1,3999,50,3949.0,Returned
O000390,C0352,P009,2026-07-05,2,1499,300,2698.0,Completed
O000391,C0017,P003,2026-07-16,4,2999,100,11896.0,Completed
O000392,C0149,P012,2026-04-14,2,899,0,1798.0,Completed
O000393,C0220,P011,2026-08-03,3,1299,0,3897.0,Completed
O000394,C0373,P013,2026-08-09,2,3499,300,6698.0,Completed
O000395,C0392,P003,2026-05-02,3,2999,50,8947.0,Completed
O000396,C0082,P013,2026-06-08,1,3499,300,3199.0,Completed
O000397,C0393,P008,2026-04-21,3,2299,50,6847.0,Completed
O000398,C0495,P004,2026-03-25,1,5499,150,5349.0,Completed
O000399,C0448,P008,2026-05-21,1,2299,500,1799.0,Completed
O000400,C0330,P008,2026-07-13,4,2299,300,8896.0,Completed
O000401,C0297,P001,2026-08-27,2,2499,150,4848.0,Completed
O000402,C0429,P014,2026-05-08,2,5999,0,11998.0,Completed
O000403,C0328,P006,2026-03-30,1,2799,50,2749.0,Completed
O000404,C0439,P010,2026-04-13,3,1599,200,4597.0,Completed
O000405,C0198,P003,2026-08-25,2,2999,150,5848.0,Completed
O000406,C0352,P010,2026-08-17,2,1599,500,2698.0,Completed
O000407,C0023,P002,2026-06-24,3,3999,200,11797.0,Completed
O000408,C0429,P002,2026-06-04,4,3999,0,15996.0,Completed
O000409,C0065,P012,2026-08-03,3,899,200,2497.0,Completed
O000410,C0098,P012,2026-04-18,2,899,0,1798.0,Completed
O000411,C0318,P009,2026-09-14,1,1499,500,999.0,Completed
O000412,C0404,P012,2026-08-24,3,899,300,2397.0,Completed
O000413,C0117,P009,2026-08-26,3,1499,50,4447.0,Completed
O000414,C0248,P012,2026-05-07,4,899,500,3096.0,Completed
O000415,C0108,P012,2026-03-22,3,899,100,2597.0,Completed
O000416,C0228,P011,2026-08-26,1,1299,100,1199.0,Cancelled
O000417,C0198,P001,2026-08-12,3,2499,200,7297.0,Completed
O000418,C0098,P001,2026-05-26,2,2499,150,4848.0,Completed
O000419,C0144,P005,2026-04-20,3,999,0,2997.0,Completed
O000420,C0157,P007,2026-05-10,1,1799,50,1749.0,Completed
O000421,C0154,P015,2026-03-31,4,1199,500,4296.0,Completed
O000422,C0236,P003,2026-07-18,4,2999,200,11796.0,Completed
O000423,C0198,P015,2026-08-13,1,1199,150,1049.0,Completed
O000424,C0146,P009,2026-08-16,1,1499,100,1399.0,Completed
O000425,C0413,P015,2026-04-29,3,1199,0,3597.0,Completed
O000426,C0021,P006,2026-08-15,4,2799,50,11146.0,Completed
O000427,C0083,P010,2026-09-18,1,1599,150,1449.0,Completed
O000428,C0359,P001,2026-04-13,3,2499,300,7197.0,Completed
O000429,C0111,P006,2026-05-16,4,2799,150,11046.0,Completed
O000430,C0080,P002,2026-05-12,3,3999,0,11997.0,Completed
O000431,C0215,P009,2026-07-28,1,1499,500,999.0,Completed
O000432,C0156,P015,2026-06-13,4,1199,150,4646.0,Completed
O000433,C0458,P002,2026-03-31,2,3999,100,7898.0,Completed
O000434,C0361,P014,2026-06-09,1,5999,0,5999.0,Returned
O000435,C0349,P014,2026-07-19,1,5999,200,5799.0,Completed
O000436,C0057,P009,2026-08-16,3,1499,0,4497.0,Completed
O000437,C0322,P015,2026-05-12,2,1199,200,2198.0,Completed
O000438,C0125,P009,2026-09-09,3,1499,500,3997.0,Completed
O000439,C0073,P003,2026-03-25,3,2999,0,8997.0,Returned
O000440,C0270,P009,2026-08-07,1,1499,100,1399.0,Completed
O000441,C0147,P005,2026-08-15,2,999,150,1848.0,Completed
O000442,C0041,P005,2026-04-03,3,999,500,2497.0,Completed
O000443,C0233,P015,2026-06-28,1,1199,0,1199.0,Completed
O000444,C0208,P007,2026-08-26,2,1799,500,3098.0,Completed
O000445,C0151,P014,2026-07-19,2,5999,0,11998.0,Completed
O000446,C0050,P014,2026-07-16,4,5999,0,23996.0,Completed
O000447,C0326,P012,2026-05-20,4,899,500,3096.0,Returned
O000448,C0070,P014,2026-06-30,3,5999,200,17797.0,Completed
O000449,C0480,P011,2026-07-16,3,1299,200,3697.0,Completed
O000450,C0036,P008,2026-07-22,1,2299,200,2099.0,Completed
O000451,C0080,P005,2026-07-30,3,999,50,2947.0,Completed
O000452,C0427,P012,2026-08-11,1,899,200,699.0,Completed
O000453,C0406,P005,2026-08-20,4,999,300,3696.0,Completed
O000454,C0310,P004,2026-06-28,2,5499,500,10498.0,Completed
O000455,C0095,P014,2026-08-14,4,5999,300,23696.0,Completed
O000456,C0262,P012,2026-09-07,2,899,50,1748.0,Completed
O000457,C0380,P015,2026-08-20,4,1199,0,4796.0,Completed
O000458,C0149,P009,2026-05-06,1,1499,500,999.0,Completed
O000459,C0196,P002,2026-06-13,1,3999,300,3699.0,Completed
O000460,C0330,P001,2026-04-26,1,2499,100,2399.0,Completed
O000461,C0474,P013,2026-09-07,1,3499,50,3449.0,Completed
O000462,C0254,P005,2026-05-11,4,999,500,3496.0,Completed
O000463,C0461,P006,2026-07-11,3,2799,150,8247.0,Completed
O000464,C0478,P006,2026-08-25,1,2799,0,2799.0,Cancelled
O000465,C0195,P014,2026-04-06,2,5999,150,11848.0,Completed
O000466,C0265,P001,2026-04-19,1,2499,200,2299.0,Completed
O000467,C0454,P001,2026-09-17,2,2499,300,4698.0,Completed
O000468,C0314,P006,2026-06-27,4,2799,300,10896.0,Completed
O000469,C0098,P011,2026-04-26,2,1299,500,2098.0,Completed
O000470,C0181,P014,2026-04-30,3,5999,300,17697.0,Completed
O000471,C0458,P011,2026-03-24,2,1299,50,2548.0,Completed
O000472,C0009,P003,2026-04-25,4,2999,300,11696.0,Completed
O000473,C0324,P013,2026-09-16,4,3499,500,13496.0,Completed
O000474,C0207,P010,2026-07-30,2,1599,500,2698.0,Completed
O000475,C0429,P008,2026-05-18,4,2299,200,8996.0,Completed
O000476,C0300,P001,2026-07-28,4,2499,100,9896.0,Completed
O000477,C0484,P009,2026-03-31,3,1499,0,4497.0,Completed
O000478,C0356,P006,2026-09-14,1,2799,500,2299.0,Completed
O000479,C0375,P012,2026-08-01,3,899,500,2197.0,Completed
O000480,C0468,P010,2026-07-20,1,1599,100,1499.0,Completed
O000481,C0332,P011,2026-08-25,1,1299,150,1149.0,Completed
O000482,C0157,P009,2026-07-16,1,1499,500,999.0,Completed
O000483,C0231,P010,2026-06-20,3,1599,300,4497.0,Returned
O000484,C0411,P005,2026-03-31,3,999,50,2947.0,Completed
O000485,C0295,P012,2026-04-06,3,899,150,2547.0,Completed
O000486,C0282,P003,2026-08-28,1,2999,150,2849.0,Completed
O000487,C0236,P002,2026-06-01,2,3999,0,7998.0,Completed
O000488,C0306,P005,2026-03-25,3,999,150,2847.0,Completed
O000489,C0299,P003,2026-06-24,2,2999,500,5498.0,Completed
O000490,C0118,P013,2026-05-07,2,3499,500,6498.0,Completed
O000491,C0453,P001,2026-04-28,3,2499,0,7497.0,Completed
O000492,C0430,P003,2026-06-28,4,2999,300,11696.0,Completed
O000493,C0213,P012,2026-08-16,2,899,100,1698.0,Completed
O000494,C0157,P001,2026-04-04,3,2499,0,7497.0,Completed
O000495,C0191,P008,2026-08-05,3,2299,500,6397.0,Completed
O000496,C0346,P012,2026-05-28,4,899,500,3096.0,Completed
O000497,C0458,P007,2026-07-14,1,1799,150,1649.0,Completed
O000498,C0146,P009,2026-08-05,1,1499,0,1499.0,Completed
O000499,C0494,P014,2026-06-15,4,5999,150,23846.0,Completed
O000500,C0415,P002,2026-07-18,3,3999,300,11697.0,Completed
O000501,C0385,P004,2026-09-11,2,5499,200,10798.0,Completed
O000502,C0082,P006,2026-04-08,1,2799,0,2799.0,Completed
O000503,C0053,P009,2026-06-19,1,1499,500,999.0,Completed
O000504,C0127,P005,2026-03-28,2,999,0,1998.0,Completed
O000505,C0029,P010,2026-04-21,2,1599,0,3198.0,Completed
O000506,C0300,P003,2026-04-19,4,2999,50,11946.0,Completed
O000507,C0117,P005,2026-09-01,4,999,0,3996.0,Completed
O000508,C0125,P013,2026-05-26,4,3499,200,13796.0,Completed
O000509,C0041,P005,2026-06-29,1,999,300,699.0,Completed
O000510,C0031,P005,2026-07-12,3,999,50,2947.0,Completed
O000511,C0484,P004,2026-09-03,4,5499,50,21946.0,Completed
O000512,C0070,P009,2026-08-26,4,1499,100,5896.0,Completed
O000513,C0478,P008,2026-03-30,3,2299,0,6897.0,Completed
O000514,C0279,P012,2026-03-26,3,899,500,2197.0,Completed
O000515,C0073,P011,2026-09-08,1,1299,0,1299.0,Completed
O000516,C0073,P012,2026-08-16,3,899,300,2397.0,Completed
O000517,C0357,P013,2026-07-11,4,3499,500,13496.0,Completed
O000518,C0374,P013,2026-03-22,1,3499,100,3399.0,Completed
O000519,C0350,P014,2026-08-14,4,5999,0,23996.0,Completed
O000520,C0166,P006,2026-04-05,3,2799,300,8097.0,Completed
O000521,C0495,P011,2026-08-05,1,1299,200,1099.0,Completed
O000522,C0156,P002,2026-09-03,4,3999,150,15846.0,Completed
O000523,C0268,P001,2026-06-06,4,2499,100,9896.0,Completed
O000524,C0471,P002,2026-04-12,3,3999,500,11497.0,Completed
O000525,C0212,P012,2026-03-31,2,899,50,1748.0,Completed
O000526,C0369,P010,2026-06-29,2,1599,500,2698.0,Completed
O000527,C0260,P011,2026-08-05,3,1299,500,3397.0,Returned
O000528,C0423,P008,2026-06-16,1,2299,0,2299.0,Completed
O000529,C0403,P012,2026-04-21,1,899,300,599.0,Completed
O000530,C0328,P011,2026-08-17,4,1299,50,5146.0,Completed
O000531,C0041,P001,2026-09-05,2,2499,500,4498.0,Completed
O000532,C0474,P015,2026-09-17,1,1199,100,1099.0,Completed
O000533,C0008,P003,2026-04-15,1,2999,150,2849.0,Completed
O000534,C0080,P014,2026-04-20,1,5999,0,5999.0,Completed
O000535,C0413,P010,2026-05-12,2,1599,0,3198.0,Completed
O000536,C0422,P014,2026-04-21,4,5999,200,23796.0,Cancelled
O000537,C0281,P009,2026-05-15,2,1499,200,2798.0,Completed
O000538,C0295,P003,2026-04-21,3,2999,0,8997.0,Completed
O000539,C0388,P007,2026-08-10,2,1799,200,3398.0,Completed
O000540,C0113,P015,2026-04-16,1,1199,50,1149.0,Completed
O000541,C0318,P010,2026-03-26,4,1599,50,6346.0,Completed
O000542,C0044,P001,2026-04-13,1,2499,50,2449.0,Completed
O000543,C0295,P015,2026-09-15,3,1199,300,3297.0,Completed
O000544,C0396,P008,2026-04-27,2,2299,100,4498.0,Completed
O000545,C0251,P008,2026-05-05,4,2299,100,9096.0,Completed
O000546,C0024,P010,2026-08-25,2,1599,500,2698.0,Returned
O000547,C0316,P014,2026-07-07,3,5999,200,17797.0,Completed
O000548,C0110,P004,2026-08-27,1,5499,0,5499.0,Completed
O000549,C0390,P009,2026-08-29,2,1499,500,2498.0,Completed
O000550,C0125,P001,2026-04-29,2,2499,0,4998.0,Completed
O000551,C0500,P015,2026-05-06,4,1199,500,4296.0,Completed
O000552,C0483,P001,2026-06-02,1,2499,200,2299.0,Completed
O000553,C0116,P006,2026-04-17,4,2799,0,11196.0,Completed
O000554,C0483,P009,2026-03-29,2,1499,50,2948.0,Completed
O000555,C0062,P002,2026-08-20,2,3999,500,7498.0,Completed
O000556,C0201,P004,2026-04-19,3,5499,100,16397.0,Completed
O000557,C0053,P004,2026-06-26,4,5499,100,21896.0,Completed
O000558,C0041,P008,2026-07-11,4,2299,0,9196.0,Completed
O000559,C0484,P010,2026-06-29,4,1599,50,6346.0,Completed
O000560,C0224,P012,2026-05-30,2,899,200,1598.0,Completed
O000561,C0067,P001,2026-04-25,1,2499,150,2349.0,Completed
O000562,C0228,P008,2026-06-17,4,2299,50,9146.0,Completed
O000563,C0134,P010,2026-08-16,2,1599,50,3148.0,Cancelled
O000564,C0448,P004,2026-08-02,1,5499,300,5199.0,Completed
O000565,C0101,P010,2026-06-01,4,1599,500,5896.0,Completed
O000566,C0209,P012,2026-06-13,2,899,100,1698.0,Completed
O000567,C0104,P015,2026-07-06,2,1199,0,2398.0,Cancelled
O000568,C0025,P008,2026-08-04,1,2299,300,1999.0,Completed
O000569,C0421,P013,2026-07-26,1,3499,500,2999.0,Completed
O000570,C0269,P013,2026-05-16,1,3499,300,3199.0,Completed
O000571,C0135,P004,2026-07-22,1,5499,0,5499.0,Completed
O000572,C0079,P012,2026-07-16,4,899,0,3596.0,Completed
O000573,C0069,P014,2026-06-24,4,5999,50,23946.0,Completed
O000574,C0356,P011,2026-06-28,1,1299,0,1299.0,Completed
O000575,C0151,P009,2026-07-09,1,1499,150,1349.0,Completed
O000576,C0352,P010,2026-08-27,2,1599,0,3198.0,Completed
O000577,C0378,P015,2026-04-04,1,1199,200,999.0,Completed
O000578,C0172,P008,2026-06-23,1,2299,200,2099.0,Completed
O000579,C0270,P012,2026-04-26,1,899,100,799.0,Cancelled
O000580,C0111,P009,2026-08-17,1,1499,500,999.0,Completed
O000581,C0356,P004,2026-06-20,2,5499,200,10798.0,Completed
O000582,C0244,P011,2026-04-04,4,1299,150,5046.0,Completed
O000583,C0157,P008,2026-07-20,4,2299,0,9196.0,Completed
O000584,C0343,P014,2026-08-27,3,5999,500,17497.0,Completed
O000585,C0338,P012,2026-07-17,1,899,100,799.0,Completed
O000586,C0188,P015,2026-04-10,2,1199,150,2248.0,Completed
O000587,C0125,P002,2026-04-29,2,3999,500,7498.0,Completed
O000588,C0249,P011,2026-07-06,1,1299,150,1149.0,Returned
O000589,C0260,P015,2026-06-18,2,1199,500,1898.0,Completed
O000590,C0378,P011,2026-05-09,1,1299,150,1149.0,Completed
O000591,C0458,P013,2026-07-05,2,3499,200,6798.0,Completed
O000592,C0328,P011,2026-08-20,3,1299,500,3397.0,Completed
O000593,C0253,P014,2026-06-07,4,5999,500,23496.0,Completed
O000594,C0473,P013,2026-05-27,3,3499,50,10447.0,Completed
O000595,C0175,P005,2026-06-20,1,999,50,949.0,Completed
O000596,C0494,P003,2026-05-07,2,2999,150,5848.0,Cancelled
O000597,C0439,P012,2026-05-21,2,899,50,1748.0,Completed
O000598,C0146,P010,2026-05-27,2,1599,500,2698.0,Completed
O000599,C0094,P009,2026-06-18,1,1499,200,1299.0,Completed
O000600,C0220,P009,2026-04-22,2,1499,150,2848.0,Completed
O000601,C0195,P015,2026-07-17,4,1199,50,4746.0,Completed
O000602,C0077,P001,2026-07-21,3,2499,150,7347.0,Completed
O000603,C0491,P013,2026-06-16,2,3499,500,6498.0,Completed
O000604,C0377,P008,2026-09-11,1,2299,50,2249.0,Completed
O000605,C0144,P001,2026-07-14,4,2499,100,9896.0,Completed
O000606,C0149,P001,2026-06-01,2,2499,100,4898.0,Completed
O000607,C0047,P009,2026-07-31,4,1499,0,5996.0,Completed
O000608,C0237,P006,2026-07-01,1,2799,200,2599.0,Completed
O000609,C0448,P007,2026-06-25,3,1799,300,5097.0,Completed
O000610,C0157,P006,2026-08-12,3,2799,500,7897.0,Completed
O000611,C0374,P015,2026-07-13,4,1199,300,4496.0,Completed
O000612,C0419,P012,2026-04-26,4,899,300,3296.0,Completed
O000613,C0295,P002,2026-06-07,2,3999,100,7898.0,Completed
O000614,C0454,P009,2026-08-20,3,1499,0,4497.0,Completed
O000615,C0049,P001,2026-07-06,4,2499,150,9846.0,Completed
O000616,C0225,P012,2026-05-08,2,899,100,1698.0,Completed
O000617,C0130,P009,2026-06-07,4,1499,0,5996.0,Completed
O000618,C0142,P008,2026-03-28,4,2299,100,9096.0,Completed
O000619,C0075,P005,2026-04-22,3,999,500,2497.0,Completed
O000620,C0468,P005,2026-07-25,4,999,50,3946.0,Completed
O000621,C0326,P004,2026-05-31,1,5499,0,5499.0,Completed
O000622,C0036,P010,2026-08-13,3,1599,500,4297.0,Completed
O000623,C0117,P011,2026-06-25,4,1299,0,5196.0,Completed
O000624,C0280,P001,2026-08-17,3,2499,50,7447.0,Completed
O000625,C0148,P008,2026-05-02,2,2299,200,4398.0,Completed
O000626,C0168,P007,2026-06-04,3,1799,0,5397.0,Completed
O000627,C0322,P015,2026-08-29,1,1199,100,1099.0,Completed
O000628,C0051,P010,2026-06-10,2,1599,200,2998.0,Completed
O000629,C0347,P013,2026-09-13,3,3499,150,10347.0,Completed
O000630,C0171,P002,2026-03-25,3,3999,50,11947.0,Completed
O000631,C0127,P006,2026-06-17,4,2799,300,10896.0,Completed
O000632,C0079,P002,2026-07-28,2,3999,50,7948.0,Completed
O000633,C0083,P013,2026-07-17,1,3499,300,3199.0,Completed
O000634,C0062,P014,2026-07-22,2,5999,0,11998.0,Completed
O000635,C0351,P006,2026-08-21,2,2799,500,5098.0,Completed
O000636,C0157,P003,2026-04-21,3,2999,0,8997.0,Completed
O000637,C0449,P012,2026-06-08,2,899,100,1698.0,Completed
O000638,C0067,P002,2026-04-10,4,3999,0,15996.0,Completed
O000639,C0236,P013,2026-05-11,4,3499,0,13996.0,Completed
O000640,C0407,P011,2026-04-21,1,1299,500,799.0,Completed
O000641,C0026,P002,2026-04-15,3,3999,0,11997.0,Completed
O000642,C0481,P010,2026-05-08,2,1599,100,3098.0,Completed
O000643,C0019,P002,2026-08-17,2,3999,150,7848.0,Completed
O000644,C0078,P014,2026-04-16,2,5999,0,11998.0,Completed
O000645,C0390,P001,2026-06-02,2,2499,100,4898.0,Completed
O000646,C0387,P009,2026-05-15,1,1499,0,1499.0,Completed
O000647,C0446,P012,2026-09-16,4,899,200,3396.0,Completed
O000648,C0212,P011,2026-06-20,1,1299,50,1249.0,Cancelled
O000649,C0206,P004,2026-04-19,2,5499,300,10698.0,Completed
O000650,C0145,P002,2026-08-02,4,3999,0,15996.0,Completed
O000651,C0390,P006,2026-04-12,3,2799,0,8397.0,Completed
O000652,C0062,P007,2026-08-22,3,1799,500,4897.0,Completed
O000653,C0349,P014,2026-08-10,4,5999,100,23896.0,Completed
O000654,C0448,P007,2026-07-21,2,1799,0,3598.0,Returned
O000655,C0173,P003,2026-09-10,1,2999,500,2499.0,Completed
O000656,C0212,P009,2026-04-27,1,1499,0,1499.0,Completed
O000657,C0352,P010,2026-04-07,1,1599,50,1549.0,Completed
O000658,C0089,P006,2026-04-22,2,2799,300,5298.0,Completed
O000659,C0206,P012,2026-08-17,4,899,150,3446.0,Completed
O000660,C0387,P013,2026-07-21,4,3499,200,13796.0,Completed
O000661,C0493,P007,2026-04-28,4,1799,150,7046.0,Completed
O000662,C0058,P002,2026-07-27,3,3999,500,11497.0,Completed
O000663,C0491,P003,2026-04-04,1,2999,0,2999.0,Completed
O000664,C0241,P011,2026-06-27,1,1299,50,1249.0,Completed
O000665,C0149,P003,2026-04-10,3,2999,0,8997.0,Completed
O000666,C0248,P013,2026-05-12,4,3499,500,13496.0,Completed
O000667,C0241,P008,2026-08-07,3,2299,200,6697.0,Completed
O000668,C0493,P013,2026-04-21,1,3499,300,3199.0,Completed
O000669,C0146,P014,2026-07-17,4,5999,500,23496.0,Completed
O000670,C0081,P009,2026-07-25,3,1499,50,4447.0,Completed
O000671,C0145,P012,2026-04-19,4,899,500,3096.0,Completed
O000672,C0237,P011,2026-08-12,4,1299,500,4696.0,Completed
O000673,C0244,P001,2026-07-26,4,2499,150,9846.0,Completed
O000674,C0178,P010,2026-06-12,3,1599,150,4647.0,Completed
O000675,C0294,P001,2026-06-19,2,2499,200,4798.0,Completed
O000676,C0289,P001,2026-04-15,3,2499,300,7197.0,Completed
O000677,C0165,P007,2026-09-07,3,1799,0,5397.0,Completed
O000678,C0109,P011,2026-09-14,3,1299,0,3897.0,Completed
O000679,C0142,P002,2026-03-27,3,3999,50,11947.0,Completed
O000680,C0024,P008,2026-05-29,4,2299,300,8896.0,Completed
O000681,C0231,P010,2026-06-26,1,1599,200,1399.0,Completed
O000682,C0149,P010,2026-04-16,1,1599,500,1099.0,Completed
O000683,C0094,P006,2026-05-03,4,2799,200,10996.0,Completed
O000684,C0171,P007,2026-08-31,2,1799,500,3098.0,Completed
O000685,C0403,P002,2026-05-28,2,3999,150,7848.0,Completed
O000686,C0279,P007,2026-08-17,2,1799,0,3598.0,Completed
O000687,C0153,P005,2026-07-09,1,999,500,499.0,Completed
O000688,C0409,P002,2026-07-10,3,3999,150,11847.0,Completed
O000689,C0145,P004,2026-05-25,4,5499,300,21696.0,Completed
O000690,C0223,P011,2026-08-29,2,1299,0,2598.0,Completed
O000691,C0453,P003,2026-09-07,4,2999,100,11896.0,Returned
O000692,C0381,P008,2026-08-13,3,2299,300,6597.0,Completed
O000693,C0031,P009,2026-07-18,2,1499,200,2798.0,Completed
O000694,C0073,P012,2026-07-05,3,899,300,2397.0,Completed
O000695,C0436,P015,2026-07-05,1,1199,100,1099.0,Completed
O000696,C0129,P011,2026-09-13,2,1299,150,2448.0,Completed
O000697,C0196,P004,2026-05-10,1,5499,50,5449.0,Completed
O000698,C0411,P014,2026-07-24,3,5999,500,17497.0,Completed
O000699,C0211,P007,2026-05-01,1,1799,100,1699.0,Completed
O000700,C0019,P005,2026-09-02,3,999,50,2947.0,Completed
O000701,C0498,P012,2026-04-05,4,899,0,3596.0,Completed
O000702,C0047,P006,2026-07-04,3,2799,0,8397.0,Completed
O000703,C0337,P011,2026-04-26,1,1299,300,999.0,Completed
O000704,C0278,P012,2026-07-27,1,899,150,749.0,Completed
O000705,C0111,P010,2026-06-14,1,1599,200,1399.0,Completed
O000706,C0378,P007,2026-05-16,2,1799,300,3298.0,Completed
O000707,C0080,P004,2026-07-04,3,5499,500,15997.0,Completed
O000708,C0292,P001,2026-09-17,4,2499,200,9796.0,Returned
O000709,C0146,P009,2026-09-12,4,1499,500,5496.0,Completed
O000710,C0126,P015,2026-07-21,2,1199,200,2198.0,Completed
O000711,C0430,P005,2026-09-07,1,999,0,999.0,Completed
O000712,C0028,P012,2026-08-10,2,899,150,1648.0,Completed
O000713,C0322,P012,2026-08-05,3,899,0,2697.0,Completed
O000714,C0450,P008,2026-06-30,4,2299,0,9196.0,Completed
O000715,C0480,P005,2026-05-21,3,999,0,2997.0,Completed
O000716,C0451,P015,2026-08-30,2,1199,500,1898.0,Completed
O000717,C0423,P013,2026-05-31,4,3499,0,13996.0,Completed
O000718,C0431,P013,2026-07-05,4,3499,500,13496.0,Completed
O000719,C0151,P012,2026-05-02,4,899,0,3596.0,Completed
O000720,C0244,P002,2026-08-23,3,3999,300,11697.0,Completed
O000721,C0264,P012,2026-09-15,3,899,500,2197.0,Completed
O000722,C0027,P011,2026-09-02,2,1299,500,2098.0,Completed
O000723,C0192,P004,2026-08-16,3,5499,200,16297.0,Completed
O000724,C0078,P004,2026-06-11,2,5499,300,10698.0,Completed
O000725,C0458,P012,2026-05-05,2,899,150,1648.0,Completed
O000726,C0433,P006,2026-04-12,3,2799,100,8297.0,Completed
O000727,C0082,P007,2026-03-27,4,1799,100,7096.0,Returned
O000728,C0483,P009,2026-07-18,2,1499,0,2998.0,Completed
O000729,C0354,P014,2026-07-02,2,5999,0,11998.0,Completed
O000730,C0297,P005,2026-06-24,2,999,0,1998.0,Completed
O000731,C0277,P002,2026-07-16,1,3999,300,3699.0,Completed
O000732,C0240,P002,2026-05-09,2,3999,100,7898.0,Returned
O000733,C0423,P013,2026-07-26,3,3499,150,10347.0,Completed
O000734,C0210,P014,2026-06-02,2,5999,100,11898.0,Completed
O000735,C0083,P007,2026-04-28,2,1799,300,3298.0,Completed
O000736,C0118,P004,2026-06-24,4,5499,100,21896.0,Completed
O000737,C0326,P008,2026-07-20,1,2299,0,2299.0,Completed
O000738,C0149,P012,2026-06-28,4,899,100,3496.0,Completed
O000739,C0378,P010,2026-04-15,3,1599,0,4797.0,Completed
O000740,C0027,P006,2026-06-20,2,2799,500,5098.0,Cancelled
O000741,C0490,P011,2026-05-25,1,1299,0,1299.0,Completed
O000742,C0180,P005,2026-04-24,4,999,200,3796.0,Returned
O000743,C0270,P001,2026-05-04,2,2499,150,4848.0,Completed
O000744,C0484,P006,2026-04-13,4,2799,50,11146.0,Completed
O000745,C0253,P007,2026-04-20,2,1799,150,3448.0,Completed
O000746,C0067,P008,2026-07-10,3,2299,200,6697.0,Completed
O000747,C0460,P005,2026-07-11,3,999,200,2797.0,Completed
O000748,C0146,P012,2026-08-11,4,899,50,3546.0,Completed
O000749,C0329,P011,2026-05-09,4,1299,0,5196.0,Completed
O000750,C0106,P003,2026-05-27,1,2999,500,2499.0,Completed
O000751,C0229,P007,2026-04-01,1,1799,500,1299.0,Completed
O000752,C0359,P009,2026-07-26,4,1499,500,5496.0,Completed
O000753,C0369,P014,2026-06-19,2,5999,0,11998.0,Completed
O000754,C0456,P005,2026-07-30,2,999,50,1948.0,Completed
O000755,C0273,P015,2026-08-03,2,1199,0,2398.0,Completed
O000756,C0082,P007,2026-07-27,1,1799,100,1699.0,Completed
O000757,C0468,P006,2026-09-12,1,2799,150,2649.0,Cancelled
O000758,C0065,P007,2026-06-12,3,1799,0,5397.0,Completed
O000759,C0045,P008,2026-08-29,4,2299,500,8696.0,Returned
O000760,C0295,P011,2026-04-02,1,1299,200,1099.0,Completed
O000761,C0493,P008,2026-05-15,3,2299,50,6847.0,Completed
O000762,C0413,P011,2026-04-05,3,1299,200,3697.0,Completed
O000763,C0264,P010,2026-07-02,4,1599,0,6396.0,Completed
O000764,C0111,P013,2026-03-27,4,3499,0,13996.0,Completed
O000765,C0079,P007,2026-09-03,4,1799,150,7046.0,Completed
O000766,C0328,P003,2026-07-25,1,2999,150,2849.0,Completed
O000767,C0378,P013,2026-06-21,3,3499,50,10447.0,Completed
O000768,C0436,P006,2026-07-14,2,2799,500,5098.0,Completed
O000769,C0234,P005,2026-07-08,4,999,0,3996.0,Completed
O000770,C0304,P003,2026-04-14,4,2999,300,11696.0,Completed
O000771,C0157,P008,2026-07-26,2,2299,50,4548.0,Completed
O000772,C0326,P009,2026-07-19,1,1499,150,1349.0,Completed
O000773,C0474,P013,2026-04-29,4,3499,150,13846.0,Cancelled
O000774,C0347,P015,2026-08-02,3,1199,100,3497.0,Completed
O000775,C0277,P001,2026-07-31,1,2499,0,2499.0,Completed
O000776,C0206,P007,2026-09-07,1,1799,500,1299.0,Completed
O000777,C0423,P005,2026-08-18,3,999,150,2847.0,Completed
O000778,C0244,P001,2026-05-06,1,2499,500,1999.0,Completed
O000779,C0442,P007,2026-07-06,1,1799,0,1799.0,Completed
O000780,C0136,P006,2026-08-28,4,2799,500,10696.0,Completed
O000781,C0157,P015,2026-05-08,2,1199,100,2298.0,Completed
O000782,C0300,P005,2026-08-05,1,999,300,699.0,Completed
O000783,C0189,P002,2026-09-05,1,3999,50,3949.0,Completed
O000784,C0351,P007,2026-08-27,4,1799,150,7046.0,Completed
O000785,C0307,P006,2026-04-13,4,2799,150,11046.0,Completed
O000786,C0007,P004,2026-09-16,1,5499,0,5499.0,Cancelled
O000787,C0451,P001,2026-09-04,2,2499,500,4498.0,Completed
O000788,C0113,P007,2026-06-07,2,1799,0,3598.0,Completed
O000789,C0072,P008,2026-04-20,4,2299,0,9196.0,Completed
O000790,C0074,P012,2026-07-20,4,899,500,3096.0,Completed
O000791,C0220,P010,2026-06-05,2,1599,100,3098.0,Completed
O000792,C0437,P007,2026-03-24,1,1799,200,1599.0,Completed
O000793,C0444,P012,2026-07-26,4,899,300,3296.0,Completed
O000794,C0295,P012,2026-07-24,3,899,0,2697.0,Completed
O000795,C0245,P010,2026-04-06,4,1599,100,6296.0,Completed
O000796,C0206,P010,2026-05-29,3,1599,0,4797.0,Completed
O000797,C0199,P015,2026-07-26,4,1199,0,4796.0,Completed
O000798,C0326,P006,2026-03-27,4,2799,300,10896.0,Completed
O000799,C0373,P004,2026-07-12,4,5499,200,21796.0,Completed
O000800,C0102,P010,2026-04-24,3,1599,500,4297.0,Completed
O000801,C0370,P012,2026-09-10,4,899,300,3296.0,Completed
O000802,C0167,P013,2026-08-28,4,3499,50,13946.0,Completed
O000803,C0351,P012,2026-04-24,1,899,500,399.0,Completed
O000804,C0077,P010,2026-07-06,4,1599,0,6396.0,Returned
O000805,C0239,P005,2026-08-11,2,999,100,1898.0,Completed
O000806,C0011,P006,2026-09-11,3,2799,200,8197.0,Completed
O000807,C0434,P014,2026-06-16,1,5999,0,5999.0,Completed
O000808,C0307,P004,2026-07-24,1,5499,100,5399.0,Completed
O000809,C0156,P013,2026-08-11,3,3499,0,10497.0,Completed
O000810,C0073,P014,2026-07-12,1,5999,0,5999.0,Completed
O000811,C0498,P014,2026-08-25,1,5999,0,5999.0,Completed
O000812,C0451,P002,2026-05-03,1,3999,0,3999.0,Completed
O000813,C0458,P004,2026-06-04,3,5499,50,16447.0,Completed
O000814,C0390,P009,2026-04-30,4,1499,0,5996.0,Completed
O000815,C0152,P014,2026-05-12,2,5999,0,11998.0,Completed
O000816,C0198,P013,2026-07-21,1,3499,100,3399.0,Completed
O000817,C0244,P003,2026-06-25,1,2999,150,2849.0,Completed
O000818,C0198,P006,2026-08-04,2,2799,50,5548.0,Completed
O000819,C0106,P003,2026-07-04,4,2999,300,11696.0,Completed
O000820,C0493,P014,2026-07-13,3,5999,0,17997.0,Completed
O000821,C0004,P012,2026-06-16,1,899,0,899.0,Completed
O000822,C0395,P003,2026-06-30,4,2999,0,11996.0,Completed
O000823,C0330,P015,2026-08-30,2,1199,0,2398.0,Cancelled
O000824,C0413,P011,2026-07-02,3,1299,300,3597.0,Completed
O000825,C0353,P009,2026-06-18,3,1499,200,4297.0,Completed
O000826,C0127,P015,2026-07-14,2,1199,300,2098.0,Completed
O000827,C0468,P009,2026-09-04,4,1499,200,5796.0,Completed
O000828,C0089,P015,2026-03-31,3,1199,0,3597.0,Completed
O000829,C0187,P012,2026-05-15,2,899,150,1648.0,Completed
O000830,C0267,P005,2026-03-27,3,999,50,2947.0,Completed
O000831,C0410,P009,2026-06-07,3,1499,100,4397.0,Completed
O000832,C0244,P002,2026-05-27,1,3999,200,3799.0,Completed
O000833,C0163,P002,2026-07-14,1,3999,0,3999.0,Completed
O000834,C0378,P001,2026-05-21,4,2499,200,9796.0,Completed
O000835,C0287,P010,2026-06-06,2,1599,200,2998.0,Completed
O000836,C0402,P014,2026-08-02,2,5999,300,11698.0,Completed
O000837,C0057,P006,2026-07-16,2,2799,200,5398.0,Completed
O000838,C0359,P007,2026-04-14,4,1799,0,7196.0,Completed
O000839,C0468,P003,2026-07-14,4,2999,100,11896.0,Completed
O000840,C0343,P009,2026-05-28,4,1499,300,5696.0,Completed
O000841,C0319,P007,2026-07-06,4,1799,500,6696.0,Completed
O000842,C0071,P009,2026-07-17,2,1499,500,2498.0,Completed
O000843,C0356,P009,2026-07-16,1,1499,100,1399.0,Completed
O000844,C0384,P003,2026-08-23,3,2999,0,8997.0,Completed
O000845,C0059,P002,2026-04-01,3,3999,150,11847.0,Completed
O000846,C0063,P006,2026-06-07,3,2799,200,8197.0,Completed
O000847,C0018,P013,2026-08-19,2,3499,50,6948.0,Completed
O000848,C0488,P015,2026-05-16,3,1199,150,3447.0,Completed
O000849,C0380,P008,2026-08-09,1,2299,0,2299.0,Completed
O000850,C0458,P001,2026-08-15,4,2499,500,9496.0,Completed
O000851,C0222,P015,2026-07-21,3,1199,300,3297.0,Completed
O000852,C0437,P010,2026-07-29,2,1599,50,3148.0,Completed
O000853,C0390,P008,2026-06-13,4,2299,50,9146.0,Completed
O000854,C0314,P011,2026-05-20,4,1299,300,4896.0,Completed
O000855,C0155,P009,2026-06-01,1,1499,500,999.0,Completed
O000856,C0454,P003,2026-08-12,1,2999,150,2849.0,Completed
O000857,C0326,P009,2026-08-27,1,1499,100,1399.0,Completed
O000858,C0388,P001,2026-07-28,2,2499,500,4498.0,Completed
O000859,C0065,P011,2026-05-31,2,1299,0,2598.0,Completed
O000860,C0113,P014,2026-08-05,4,5999,0,23996.0,Completed
O000861,C0193,P010,2026-03-27,1,1599,500,1099.0,Completed
O000862,C0082,P007,2026-06-27,1,1799,200,1599.0,Completed
O000863,C0062,P002,2026-04-27,2,3999,150,7848.0,Completed
O000864,C0392,P002,2026-07-04,2,3999,150,7848.0,Completed
O000865,C0030,P010,2026-03-28,3,1599,50,4747.0,Completed
O000866,C0136,P007,2026-04-27,1,1799,200,1599.0,Completed
O000867,C0149,P005,2026-04-04,4,999,0,3996.0,Completed
O000868,C0386,P010,2026-07-30,2,1599,500,2698.0,Completed
O000869,C0182,P002,2026-06-11,3,3999,0,11997.0,Completed
O000870,C0196,P002,2026-07-04,4,3999,0,15996.0,Completed
O000871,C0478,P015,2026-08-10,1,1199,150,1049.0,Returned
O000872,C0341,P002,2026-06-07,2,3999,50,7948.0,Completed
O000873,C0217,P002,2026-06-25,2,3999,50,7948.0,Completed
O000874,C0080,P013,2026-08-11,2,3499,300,6698.0,Completed
O000875,C0001,P014,2026-09-05,4,5999,150,23846.0,Cancelled
O000876,C0001,P001,2026-08-22,4,2499,150,9846.0,Completed
O000877,C0344,P007,2026-08-18,3,1799,100,5297.0,Completed
O000878,C0127,P001,2026-06-06,2,2499,0,4998.0,Completed
O000879,C0352,P002,2026-07-10,2,3999,150,7848.0,Completed
O000880,C0244,P013,2026-08-31,3,3499,200,10297.0,Completed
O000881,C0386,P012,2026-05-23,4,899,150,3446.0,Completed
O000882,C0149,P006,2026-08-22,2,2799,500,5098.0,Completed
O000883,C0478,P012,2026-08-24,2,899,0,1798.0,Completed
O000884,C0474,P001,2026-08-11,2,2499,300,4698.0,Completed
O000885,C0356,P008,2026-09-04,4,2299,0,9196.0,Completed
O000886,C0258,P001,2026-06-20,4,2499,0,9996.0,Cancelled
O000887,C0177,P014,2026-05-06,3,5999,300,17697.0,Completed
O000888,C0423,P012,2026-07-18,1,899,0,899.0,Completed
O000889,C0087,P008,2026-03-27,1,2299,100,2199.0,Completed
O000890,C0344,P015,2026-04-14,3,1199,100,3497.0,Completed
O000891,C0314,P005,2026-07-26,2,999,100,1898.0,Returned
O000892,C0023,P005,2026-03-23,4,999,100,3896.0,Completed
O000893,C0429,P011,2026-06-01,4,1299,0,5196.0,Completed
O000894,C0239,P003,2026-04-07,2,2999,50,5948.0,Completed
O000895,C0384,P002,2026-08-14,2,3999,150,7848.0,Completed
O000896,C0464,P009,2026-09-11,3,1499,100,4397.0,Completed
O000897,C0351,P011,2026-03-22,3,1299,500,3397.0,Returned
O000898,C0324,P011,2026-07-10,1,1299,200,1099.0,Completed
O000899,C0196,P005,2026-07-26,1,999,500,499.0,Completed
O000900,C0390,P001,2026-06-01,2,2499,0,4998.0,Completed
O000901,C0254,P008,2026-06-30,3,2299,0,6897.0,Completed
O000902,C0045,P015,2026-09-14,1,1199,100,1099.0,Completed
O000903,C0041,P015,2026-05-03,2,1199,100,2298.0,Completed
O000904,C0034,P011,2026-07-22,1,1299,0,1299.0,Completed
O000905,C0017,P010,2026-05-24,3,1599,150,4647.0,Completed
O000906,C0111,P006,2026-08-02,1,2799,200,2599.0,Completed
O000907,C0491,P002,2026-08-29,4,3999,0,15996.0,Completed
O000908,C0066,P002,2026-06-26,1,3999,0,3999.0,Completed
O000909,C0444,P012,2026-04-06,1,899,50,849.0,Completed
O000910,C0215,P001,2026-04-07,3,2499,300,7197.0,Completed
O000911,C0029,P009,2026-06-27,1,1499,150,1349.0,Completed
O000912,C0307,P013,2026-08-22,4,3499,100,13896.0,Completed
O000913,C0313,P001,2026-07-18,4,2499,300,9696.0,Completed
O000914,C0462,P010,2026-09-04,1,1599,200,1399.0,Returned
O000915,C0400,P001,2026-08-19,4,2499,200,9796.0,Completed
O000916,C0057,P001,2026-08-15,1,2499,100,2399.0,Completed
O000917,C0244,P005,2026-07-23,3,999,300,2697.0,Completed
O000918,C0215,P003,2026-04-02,2,2999,50,5948.0,Completed
O000919,C0145,P010,2026-06-09,4,1599,200,6196.0,Completed
O000920,C0260,P013,2026-07-20,2,3499,50,6948.0,Completed
O000921,C0157,P005,2026-08-01,3,999,0,2997.0,Completed
O000922,C0343,P003,2026-07-29,1,2999,100,2899.0,Completed
O000923,C0270,P014,2026-06-18,1,5999,300,5699.0,Completed
O000924,C0091,P011,2026-06-17,2,1299,0,2598.0,Completed
O000925,C0234,P012,2026-08-17,4,899,200,3396.0,Completed
O000926,C0152,P010,2026-06-14,3,1599,300,4497.0,Completed
O000927,C0223,P015,2026-05-17,1,1199,500,699.0,Completed
O000928,C0322,P004,2026-08-28,2,5499,500,10498.0,Completed
O000929,C0235,P012,2026-05-13,3,899,300,2397.0,Completed
O000930,C0433,P001,2026-04-09,3,2499,0,7497.0,Completed
O000931,C0268,P002,2026-07-12,2,3999,150,7848.0,Completed
O000932,C0290,P015,2026-03-29,3,1199,0,3597.0,Completed
O000933,C0127,P003,2026-05-05,2,2999,150,5848.0,Completed
O000934,C0268,P004,2026-03-27,2,5499,100,10898.0,Completed
O000935,C0118,P015,2026-09-11,1,1199,0,1199.0,Completed
O000936,C0328,P013,2026-05-14,1,3499,200,3299.0,Completed
O000937,C0111,P006,2026-08-03,3,2799,50,8347.0,Cancelled
O000938,C0312,P015,2026-04-21,4,1199,0,4796.0,Completed
O000939,C0483,P003,2026-08-05,2,2999,100,5898.0,Completed
O000940,C0176,P006,2026-04-02,4,2799,100,11096.0,Completed
O000941,C0291,P004,2026-06-13,3,5499,50,16447.0,Completed
O000942,C0318,P013,2026-07-30,3,3499,50,10447.0,Returned
O000943,C0466,P008,2026-07-20,2,2299,0,4598.0,Completed
O000944,C0305,P002,2026-09-03,2,3999,300,7698.0,Completed
O000945,C0176,P008,2026-06-12,4,2299,50,9146.0,Completed
O000946,C0252,P012,2026-07-21,4,899,500,3096.0,Completed
O000947,C0193,P011,2026-05-17,1,1299,100,1199.0,Completed
O000948,C0221,P014,2026-05-16,2,5999,300,11698.0,Completed
O000949,C0468,P007,2026-05-26,2,1799,200,3398.0,Completed
O000950,C0068,P013,2026-07-13,1,3499,150,3349.0,Completed
O000951,C0107,P010,2026-07-31,1,1599,500,1099.0,Completed
O000952,C0207,P008,2026-07-04,4,2299,300,8896.0,Completed
O000953,C0241,P006,2026-03-28,3,2799,300,8097.0,Completed
O000954,C0108,P005,2026-04-12,1,999,200,799.0,Completed
O000955,C0243,P009,2026-05-19,1,1499,150,1349.0,Completed
O000956,C0041,P006,2026-06-15,1,2799,100,2699.0,Completed
O000957,C0150,P005,2026-05-09,3,999,150,2847.0,Completed
O000958,C0069,P014,2026-06-06,3,5999,0,17997.0,Completed
O000959,C0158,P013,2026-08-17,4,3499,300,13696.0,Completed
O000960,C0005,P008,2026-05-19,2,2299,300,4298.0,Completed
O000961,C0385,P004,2026-08-01,4,5499,100,21896.0,Completed
O000962,C0267,P013,2026-06-17,4,3499,500,13496.0,Completed
O000963,C0145,P014,2026-09-16,2,5999,300,11698.0,Completed
O000964,C0212,P008,2026-04-26,1,2299,200,2099.0,Completed
O000965,C0067,P005,2026-09-06,1,999,500,499.0,Completed
O000966,C0156,P004,2026-09-13,4,5499,300,21696.0,Completed
O000967,C0390,P013,2026-08-19,3,3499,200,10297.0,Completed
O000968,C0403,P001,2026-06-14,2,2499,50,4948.0,Completed
O000969,C0413,P010,2026-05-13,4,1599,300,6096.0,Returned
O000970,C0035,P009,2026-07-21,4,1499,100,5896.0,Completed
O000971,C0277,P008,2026-05-04,3,2299,0,6897.0,Completed
O000972,C0268,P003,2026-03-28,1,2999,500,2499.0,Completed
O000973,C0039,P015,2026-05-13,4,1199,150,4646.0,Completed
O000974,C0330,P009,2026-04-05,1,1499,500,999.0,Completed
O000975,C0005,P003,2026-06-30,3,2999,300,8697.0,Completed
O000976,C0059,P003,2026-04-08,4,2999,500,11496.0,Completed
O000977,C0474,P014,2026-05-13,2,5999,50,11948.0,Completed
O000978,C0427,P012,2026-08-23,4,899,50,3546.0,Completed
O000979,C0145,P010,2026-05-31,2,1599,500,2698.0,Completed
O000980,C0070,P008,2026-08-23,1,2299,300,1999.0,Completed
O000981,C0252,P006,2026-07-18,4,2799,500,10696.0,Completed
O000982,C0378,P002,2026-06-18,3,3999,500,11497.0,Completed
O000983,C0359,P013,2026-08-25,3,3499,300,10197.0,Completed
O000984,C0445,P003,2026-05-06,4,2999,100,11896.0,Completed
O000985,C0377,P007,2026-09-06,4,1799,300,6896.0,Completed
O000986,C0277,P002,2026-05-22,4,3999,0,15996.0,Completed
O000987,C0078,P005,2026-09-16,3,999,0,2997.0,Completed
O000988,C0474,P004,2026-08-10,4,5499,300,21696.0,Completed
O000989,C0174,P002,2026-07-04,1,3999,200,3799.0,Completed
O000990,C0117,P004,2026-03-28,1,5499,500,4999.0,Completed
O000991,C0352,P011,2026-06-17,4,1299,300,4896.0,Completed
O000992,C0448,P004,2026-03-24,4,5499,0,21996.0,Completed
O000993,C0359,P015,2026-09-09,2,1199,200,2198.0,Completed
O000994,C0236,P008,2026-08-09,1,2299,0,2299.0,Completed
O000995,C0361,P008,2026-06-01,2,2299,500,4098.0,Completed
O000996,C0080,P014,2026-05-06,1,5999,0,5999.0,Completed
O000997,C0256,P012,2026-04-10,4,899,50,3546.0,Completed
O000998,C0005,P011,2026-07-12,3,1299,50,3847.0,Completed
O000999,C0101,P012,2026-07-13,1,899,100,799.0,Completed
O001000,C0437,P011,2026-09-14,1,1299,300,999.0,Completed
O001001,C0028,P010,2026-06-26,1,1599,0,1599.0,Completed
O001002,C0484,P004,2026-05-12,3,5499,100,16397.0,Completed
O001003,C0205,P001,2026-05-10,1,2499,200,2299.0,Completed
O001004,C0035,P004,2026-05-03,1,5499,50,5449.0,Completed
O001005,C0245,P002,2026-08-12,3,3999,200,11797.0,Completed
O001006,C0314,P004,2026-04-21,4,5499,300,21696.0,Completed
O001007,C0057,P006,2026-03-25,3,2799,50,8347.0,Completed
O001008,C0146,P001,2026-07-17,4,2499,100,9896.0,Completed
O001009,C0329,P014,2026-04-02,3,5999,200,17797.0,Completed
O001010,C0102,P007,2026-04-17,3,1799,500,4897.0,Completed
O001011,C0405,P015,2026-04-15,2,1199,150,2248.0,Completed
O001012,C0318,P012,2026-06-15,4,899,50,3546.0,Completed
O001013,C0390,P015,2026-04-08,3,1199,500,3097.0,Completed
O001014,C0301,P015,2026-07-30,4,1199,300,4496.0,Completed
O001015,C0108,P009,2026-03-27,1,1499,100,1399.0,Completed
O001016,C0472,P002,2026-07-09,3,3999,100,11897.0,Completed
O001017,C0309,P002,2026-06-25,1,3999,50,3949.0,Completed
O001018,C0092,P003,2026-09-02,4,2999,100,11896.0,Completed
O001019,C0483,P012,2026-04-25,4,899,200,3396.0,Completed
O001020,C0326,P013,2026-09-03,1,3499,300,3199.0,Completed
O001021,C0385,P001,2026-06-17,2,2499,200,4798.0,Completed
O001022,C0259,P001,2026-08-24,2,2499,100,4898.0,Completed
O001023,C0249,P006,2026-08-30,2,2799,500,5098.0,Completed
O001024,C0457,P008,2026-04-04,1,2299,100,2199.0,Completed
O001025,C0069,P004,2026-05-05,2,5499,0,10998.0,Completed
O001026,C0436,P013,2026-07-29,2,3499,100,6898.0,Completed
O001027,C0371,P008,2026-05-11,3,2299,50,6847.0,Completed
O001028,C0081,P010,2026-06-03,2,1599,150,3048.0,Completed
O001029,C0500,P011,2026-07-23,2,1299,150,2448.0,Completed
O001030,C0166,P007,2026-07-20,4,1799,50,7146.0,Completed
O001031,C0244,P010,2026-07-23,4,1599,50,6346.0,Completed
O001032,C0181,P007,2026-08-21,1,1799,150,1649.0,Completed
O001033,C0268,P012,2026-06-27,2,899,150,1648.0,Completed
O001034,C0223,P005,2026-04-09,4,999,500,3496.0,Completed
O001035,C0362,P008,2026-05-09,2,2299,50,4548.0,Completed
O001036,C0452,P009,2026-07-03,3,1499,500,3997.0,Completed
O001037,C0490,P007,2026-07-25,3,1799,300,5097.0,Completed
O001038,C0291,P002,2026-04-22,4,3999,0,15996.0,Completed
O001039,C0276,P003,2026-05-26,2,2999,300,5698.0,Completed
O001040,C0385,P012,2026-08-31,3,899,500,2197.0,Completed
O001041,C0352,P001,2026-05-24,4,2499,300,9696.0,Completed
O001042,C0023,P015,2026-09-16,3,1199,0,3597.0,Completed
O001043,C0072,P005,2026-05-26,4,999,50,3946.0,Completed
O001044,C0282,P011,2026-04-20,2,1299,0,2598.0,Completed
O001045,C0326,P012,2026-09-18,4,899,300,3296.0,Completed
O001046,C0474,P002,2026-05-03,2,3999,300,7698.0,Completed
O001047,C0117,P012,2026-08-19,3,899,300,2397.0,Completed
O001048,C0198,P013,2026-08-31,1,3499,0,3499.0,Completed
O001049,C0411,P006,2026-05-14,2,2799,150,5448.0,Returned
O001050,C0191,P012,2026-05-04,3,899,0,2697.0,Completed
O001051,C0001,P002,2026-08-03,1,3999,300,3699.0,Completed
O001052,C0129,P012,2026-05-06,4,899,50,3546.0,Completed
O001053,C0356,P003,2026-05-07,2,2999,500,5498.0,Completed
O001054,C0059,P008,2026-05-12,2,2299,50,4548.0,Completed
O001055,C0082,P013,2026-07-04,2,3499,150,6848.0,Completed
O001056,C0478,P010,2026-04-11,1,1599,50,1549.0,Completed
O001057,C0178,P002,2026-06-17,3,3999,0,11997.0,Completed
O001058,C0109,P008,2026-03-24,4,2299,0,9196.0,Completed
O001059,C0385,P001,2026-05-15,1,2499,0,2499.0,Completed
O001060,C0003,P007,2026-07-21,3,1799,500,4897.0,Completed
O001061,C0300,P007,2026-09-12,3,1799,200,5197.0,Completed
O001062,C0146,P014,2026-09-08,2,5999,200,11798.0,Completed
O001063,C0303,P001,2026-04-16,3,2499,200,7297.0,Completed
O001064,C0458,P012,2026-03-28,4,899,50,3546.0,Completed
O001065,C0456,P009,2026-06-24,3,1499,100,4397.0,Completed
O001066,C0348,P011,2026-09-07,4,1299,300,4896.0,Completed
O001067,C0321,P014,2026-08-31,3,5999,0,17997.0,Completed
O001068,C0027,P013,2026-05-20,3,3499,500,9997.0,Completed
O001069,C0192,P012,2026-07-09,1,899,200,699.0,Returned
O001070,C0491,P015,2026-06-28,4,1199,0,4796.0,Completed
O001071,C0087,P012,2026-04-23,2,899,0,1798.0,Completed
O001072,C0049,P005,2026-07-14,4,999,50,3946.0,Returned
O001073,C0236,P011,2026-05-15,2,1299,100,2498.0,Completed
O001074,C0491,P011,2026-07-11,1,1299,0,1299.0,Cancelled
O001075,C0019,P003,2026-06-01,3,2999,300,8697.0,Completed
O001076,C0117,P011,2026-09-08,4,1299,0,5196.0,Completed
O001077,C0256,P011,2026-09-15,4,1299,0,5196.0,Completed
O001078,C0105,P015,2026-06-26,1,1199,200,999.0,Completed
O001079,C0381,P012,2026-05-20,4,899,300,3296.0,Completed
O001080,C0062,P005,2026-04-13,1,999,0,999.0,Completed
O001081,C0295,P015,2026-08-15,2,1199,0,2398.0,Completed
O001082,C0448,P006,2026-06-09,4,2799,0,11196.0,Completed
O001083,C0256,P004,2026-06-11,4,5499,300,21696.0,Completed
O001084,C0411,P011,2026-04-18,2,1299,100,2498.0,Completed
O001085,C0258,P014,2026-04-28,4,5999,200,23796.0,Completed
O001086,C0136,P014,2026-09-12,2,5999,500,11498.0,Completed
O001087,C0297,P005,2026-08-22,2,999,0,1998.0,Completed
O001088,C0244,P012,2026-09-18,1,899,150,749.0,Completed
O001089,C0318,P014,2026-06-04,2,5999,500,11498.0,Completed
O001090,C0177,P001,2026-05-14,3,2499,50,7447.0,Completed
O001091,C0487,P013,2026-05-06,2,3499,0,6998.0,Completed
O001092,C0373,P007,2026-03-27,3,1799,50,5347.0,Completed
O001093,C0154,P007,2026-06-30,4,1799,200,6996.0,Completed
O001094,C0253,P012,2026-09-16,3,899,150,2547.0,Completed
O001095,C0353,P014,2026-04-24,4,5999,0,23996.0,Completed
O001096,C0405,P010,2026-07-17,1,1599,150,1449.0,Completed
O001097,C0281,P003,2026-06-04,4,2999,500,11496.0,Completed
O001098,C0098,P004,2026-06-22,2,5499,0,10998.0,Completed
O001099,C0280,P002,2026-07-09,2,3999,300,7698.0,Completed
O001100,C0080,P015,2026-06-21,1,1199,0,1199.0,Cancelled
O001101,C0082,P001,2026-08-20,1,2499,200,2299.0,Completed
O001102,C0073,P011,2026-03-30,4,1299,100,5096.0,Completed
O001103,C0189,P008,2026-09-05,3,2299,50,6847.0,Completed
O001104,C0396,P012,2026-09-04,1,899,500,399.0,Completed
O001105,C0318,P011,2026-03-24,4,1299,200,4996.0,Completed
O001106,C0046,P002,2026-03-27,4,3999,100,15896.0,Completed
O001107,C0279,P008,2026-08-20,3,2299,0,6897.0,Completed
O001108,C0236,P011,2026-08-15,4,1299,150,5046.0,Completed
O001109,C0149,P002,2026-09-17,2,3999,300,7698.0,Completed
O001110,C0269,P014,2026-08-01,4,5999,0,23996.0,Completed
O001111,C0258,P012,2026-09-06,1,899,100,799.0,Completed
O001112,C0082,P014,2026-08-11,2,5999,0,11998.0,Completed
O001113,C0145,P002,2026-08-16,1,3999,50,3949.0,Completed
O001114,C0079,P002,2026-04-12,3,3999,0,11997.0,Cancelled
O001115,C0244,P005,2026-07-08,3,999,50,2947.0,Cancelled
O001116,C0329,P001,2026-04-02,2,2499,150,4848.0,Returned
O001117,C0247,P015,2026-04-26,3,1199,500,3097.0,Completed
O001118,C0352,P006,2026-09-14,3,2799,100,8297.0,Completed
O001119,C0429,P001,2026-05-09,2,2499,0,4998.0,Completed
O001120,C0448,P014,2026-08-23,2,5999,50,11948.0,Completed
O001121,C0295,P006,2026-08-28,3,2799,50,8347.0,Completed
O001122,C0266,P005,2026-09-04,3,999,300,2697.0,Completed
O001123,C0192,P008,2026-09-11,1,2299,150,2149.0,Completed
O001124,C0352,P003,2026-08-30,2,2999,0,5998.0,Completed
O001125,C0318,P012,2026-08-13,2,899,200,1598.0,Completed
O001126,C0429,P009,2026-04-30,2,1499,300,2698.0,Completed
O001127,C0403,P007,2026-08-23,4,1799,0,7196.0,Completed
O001128,C0122,P002,2026-04-07,1,3999,300,3699.0,Completed
O001129,C0049,P006,2026-04-28,3,2799,150,8247.0,Completed
O001130,C0106,P005,2026-06-26,1,999,0,999.0,Cancelled
O001131,C0104,P007,2026-05-05,1,1799,0,1799.0,Completed
O001132,C0460,P005,2026-08-04,4,999,0,3996.0,Completed
O001133,C0279,P014,2026-08-24,3,5999,150,17847.0,Completed
O001134,C0027,P003,2026-05-07,3,2999,300,8697.0,Completed
O001135,C0380,P011,2026-08-20,4,1299,500,4696.0,Completed
O001136,C0003,P011,2026-04-27,2,1299,50,2548.0,Completed
O001137,C0378,P005,2026-05-24,1,999,200,799.0,Completed
O001138,C0200,P012,2026-07-12,4,899,50,3546.0,Cancelled
O001139,C0412,P008,2026-07-09,3,2299,150,6747.0,Completed
O001140,C0366,P015,2026-08-31,2,1199,150,2248.0,Completed
O001141,C0493,P005,2026-04-14,4,999,200,3796.0,Completed
O001142,C0042,P012,2026-05-03,2,899,0,1798.0,Completed
O001143,C0047,P012,2026-03-24,3,899,500,2197.0,Returned
O001144,C0206,P011,2026-07-27,2,1299,500,2098.0,Completed
O001145,C0343,P015,2026-03-25,1,1199,300,899.0,Completed
O001146,C0477,P014,2026-09-17,1,5999,300,5699.0,Completed
O001147,C0157,P004,2026-05-04,1,5499,500,4999.0,Completed
O001148,C0464,P013,2026-04-10,2,3499,50,6948.0,Completed
O001149,C0067,P009,2026-07-08,3,1499,0,4497.0,Completed
O001150,C0080,P006,2026-09-11,1,2799,200,2599.0,Completed
O001151,C0259,P014,2026-06-06,1,5999,150,5849.0,Completed
O001152,C0119,P004,2026-05-16,1,5499,300,5199.0,Completed
O001153,C0484,P015,2026-08-27,1,1199,500,699.0,Completed
O001154,C0029,P006,2026-06-14,1,2799,500,2299.0,Completed
O001155,C0058,P001,2026-07-02,3,2499,50,7447.0,Completed
O001156,C0056,P007,2026-04-12,4,1799,100,7096.0,Completed
O001157,C0473,P003,2026-07-24,4,2999,0,11996.0,Completed
O001158,C0394,P011,2026-07-20,3,1299,100,3797.0,Completed
O001159,C0137,P006,2026-08-06,4,2799,50,11146.0,Completed
O001160,C0059,P008,2026-04-26,4,2299,50,9146.0,Completed
O001161,C0210,P001,2026-04-19,3,2499,100,7397.0,Completed
O001162,C0025,P003,2026-06-14,4,2999,300,11696.0,Completed
O001163,C0078,P011,2026-09-08,2,1299,500,2098.0,Cancelled
O001164,C0065,P007,2026-09-12,4,1799,500,6696.0,Completed
O001165,C0149,P013,2026-04-24,4,3499,300,13696.0,Completed
O001166,C0058,P013,2026-04-30,1,3499,50,3449.0,Completed
O001167,C0006,P013,2026-09-11,2,3499,0,6998.0,Completed
O001168,C0209,P010,2026-07-22,1,1599,300,1299.0,Completed
O001169,C0236,P002,2026-08-27,4,3999,100,15896.0,Completed
O001170,C0245,P003,2026-04-20,2,2999,150,5848.0,Completed
O001171,C0353,P004,2026-07-21,4,5499,100,21896.0,Completed
O001172,C0421,P002,2026-08-20,2,3999,100,7898.0,Completed
O001173,C0073,P004,2026-07-02,1,5499,50,5449.0,Completed
O001174,C0085,P015,2026-03-26,2,1199,300,2098.0,Completed
O001175,C0050,P014,2026-07-04,1,5999,300,5699.0,Completed
O001176,C0352,P011,2026-06-16,2,1299,100,2498.0,Completed
O001177,C0032,P009,2026-06-07,4,1499,0,5996.0,Completed
O001178,C0171,P005,2026-05-24,3,999,300,2697.0,Completed
O001179,C0027,P003,2026-04-04,1,2999,0,2999.0,Completed
O001180,C0149,P004,2026-06-01,3,5499,500,15997.0,Completed
O001181,C0055,P007,2026-07-25,2,1799,150,3448.0,Completed
O001182,C0142,P002,2026-09-12,1,3999,0,3999.0,Completed
O001183,C0453,P003,2026-06-22,3,2999,200,8797.0,Completed
O001184,C0292,P009,2026-09-04,3,1499,100,4397.0,Completed
O001185,C0290,P007,2026-04-24,1,1799,0,1799.0,Completed
O001186,C0298,P002,2026-05-10,1,3999,100,3899.0,Completed
O001187,C0483,P002,2026-06-07,1,3999,200,3799.0,Completed
O001188,C0390,P004,2026-04-23,2,5499,0,10998.0,Completed
O001189,C0267,P012,2026-06-23,3,899,200,2497.0,Completed
O001190,C0366,P002,2026-07-23,4,3999,0,15996.0,Completed
O001191,C0484,P009,2026-08-22,1,1499,50,1449.0,Completed
O001192,C0500,P003,2026-08-13,3,2999,0,8997.0,Completed
O001193,C0351,P004,2026-09-13,4,5499,500,21496.0,Completed
O001194,C0245,P002,2026-07-30,2,3999,500,7498.0,Completed
O001195,C0398,P007,2026-05-13,4,1799,150,7046.0,Completed
O001196,C0078,P010,2026-07-31,2,1599,0,3198.0,Completed
O001197,C0357,P012,2026-05-17,3,899,150,2547.0,Completed
O001198,C0121,P009,2026-05-18,1,1499,50,1449.0,Completed
O001199,C0111,P005,2026-06-01,1,999,50,949.0,Completed
O001200,C0122,P014,2026-05-14,1,5999,100,5899.0,Completed
O001201,C0001,P011,2026-06-13,3,1299,200,3697.0,Completed
O001202,C0356,P015,2026-07-04,3,1199,50,3547.0,Completed
O001203,C0134,P006,2026-06-21,1,2799,0,2799.0,Completed
O001204,C0499,P005,2026-03-26,2,999,150,1848.0,Completed
O001205,C0455,P013,2026-09-05,1,3499,300,3199.0,Completed
O001206,C0315,P011,2026-05-17,2,1299,500,2098.0,Completed
O001207,C0093,P010,2026-07-14,4,1599,50,6346.0,Completed
O001208,C0373,P007,2026-07-22,3,1799,50,5347.0,Completed
O001209,C0082,P008,2026-05-09,2,2299,50,4548.0,Completed
O001210,C0491,P012,2026-03-27,2,899,150,1648.0,Completed
O001211,C0466,P003,2026-04-08,4,2999,100,11896.0,Completed
O001212,C0208,P004,2026-04-16,4,5499,300,21696.0,Completed
O001213,C0069,P012,2026-06-26,1,899,0,899.0,Completed
O001214,C0059,P014,2026-04-24,1,5999,0,5999.0,Completed
O001215,C0047,P005,2026-03-24,2,999,0,1998.0,Returned
O001216,C0057,P009,2026-05-12,3,1499,0,4497.0,Completed
O001217,C0390,P010,2026-06-08,4,1599,50,6346.0,Completed
O001218,C0076,P004,2026-08-29,1,5499,150,5349.0,Completed
O001219,C0013,P014,2026-08-08,1,5999,0,5999.0,Completed
O001220,C0245,P015,2026-03-22,4,1199,50,4746.0,Completed
O001221,C0017,P004,2026-04-28,4,5499,300,21696.0,Completed
O001222,C0129,P004,2026-07-25,4,5499,0,21996.0,Completed
O001223,C0059,P004,2026-06-21,1,5499,150,5349.0,Completed
O001224,C0151,P002,2026-04-02,3,3999,0,11997.0,Completed
O001225,C0081,P007,2026-09-11,3,1799,50,5347.0,Completed
O001226,C0468,P011,2026-06-19,3,1299,150,3747.0,Completed
O001227,C0123,P015,2026-05-28,4,1199,200,4596.0,Completed
O001228,C0359,P013,2026-04-29,1,3499,0,3499.0,Completed
O001229,C0072,P006,2026-07-14,2,2799,300,5298.0,Completed
O001230,C0403,P008,2026-08-16,1,2299,0,2299.0,Completed
O001231,C0373,P005,2026-06-12,2,999,0,1998.0,Cancelled
O001232,C0082,P013,2026-06-11,4,3499,200,13796.0,Completed
O001233,C0236,P012,2026-04-26,4,899,200,3396.0,Completed
O001234,C0328,P015,2026-07-07,2,1199,300,2098.0,Completed
O001235,C0258,P009,2026-06-28,4,1499,100,5896.0,Completed
O001236,C0362,P007,2026-05-21,2,1799,0,3598.0,Completed
O001237,C0093,P014,2026-08-11,1,5999,200,5799.0,Completed
O001238,C0067,P015,2026-06-19,1,1199,0,1199.0,Completed
O001239,C0444,P014,2026-07-17,2,5999,150,11848.0,Completed
O001240,C0448,P009,2026-05-14,4,1499,100,5896.0,Completed
O001241,C0029,P012,2026-09-16,2,899,0,1798.0,Completed
O001242,C0178,P012,2026-06-25,1,899,300,599.0,Completed
O001243,C0057,P011,2026-08-21,1,1299,500,799.0,Completed
O001244,C0020,P003,2026-04-11,3,2999,50,8947.0,Completed
O001245,C0006,P010,2026-05-07,4,1599,50,6346.0,Completed
O001246,C0069,P012,2026-07-05,3,899,500,2197.0,Completed
O001247,C0215,P013,2026-04-19,1,3499,150,3349.0,Completed
O001248,C0464,P011,2026-07-28,1,1299,50,1249.0,Completed
O001249,C0189,P014,2026-08-10,4,5999,500,23496.0,Completed
O001250,C0117,P015,2026-07-08,3,1199,100,3497.0,Returned
O001251,C0123,P002,2026-05-15,4,3999,50,15946.0,Completed
O001252,C0029,P004,2026-08-12,4,5499,50,21946.0,Completed
O001253,C0043,P014,2026-06-10,4,5999,500,23496.0,Completed
O001254,C0195,P014,2026-04-04,4,5999,50,23946.0,Completed
O001255,C0326,P007,2026-04-18,2,1799,150,3448.0,Completed
O001256,C0171,P010,2026-05-22,3,1599,0,4797.0,Completed
O001257,C0260,P002,2026-08-21,1,3999,100,3899.0,Completed
O001258,C0476,P005,2026-09-01,2,999,100,1898.0,Completed
O001259,C0111,P005,2026-08-13,1,999,0,999.0,Cancelled
O001260,C0236,P001,2026-04-14,1,2499,200,2299.0,Returned
O001261,C0003,P006,2026-07-28,3,2799,300,8097.0,Completed
O001262,C0385,P007,2026-09-17,3,1799,50,5347.0,Completed
O001263,C0151,P007,2026-03-28,1,1799,50,1749.0,Completed
O001264,C0181,P008,2026-05-02,1,2299,150,2149.0,Completed
O001265,C0225,P002,2026-05-16,1,3999,100,3899.0,Completed
O001266,C0328,P003,2026-07-14,2,2999,200,5798.0,Completed
O001267,C0155,P005,2026-04-01,3,999,300,2697.0,Completed
O001268,C0396,P011,2026-05-14,4,1299,100,5096.0,Cancelled
O001269,C0300,P002,2026-04-15,2,3999,500,7498.0,Completed
O001270,C0070,P013,2026-07-27,3,3499,0,10497.0,Completed
O001271,C0145,P003,2026-04-08,3,2999,50,8947.0,Completed
O001272,C0171,P006,2026-05-06,1,2799,0,2799.0,Completed
O001273,C0224,P005,2026-07-13,4,999,150,3846.0,Completed
O001274,C0069,P002,2026-06-23,4,3999,0,15996.0,Completed
O001275,C0193,P007,2026-06-23,2,1799,500,3098.0,Completed
O001276,C0314,P006,2026-09-12,3,2799,0,8397.0,Completed
O001277,C0220,P005,2026-05-23,1,999,0,999.0,Completed
O001278,C0271,P001,2026-06-04,2,2499,0,4998.0,Completed
O001279,C0277,P007,2026-06-29,1,1799,100,1699.0,Completed
O001280,C0336,P002,2026-07-19,3,3999,500,11497.0,Completed
O001281,C0474,P014,2026-04-12,4,5999,0,23996.0,Completed
O001282,C0058,P015,2026-05-12,4,1199,300,4496.0,Completed
O001283,C0035,P006,2026-05-15,3,2799,500,7897.0,Completed
O001284,C0234,P002,2026-03-31,3,3999,500,11497.0,Completed
O001285,C0493,P008,2026-06-11,2,2299,100,4498.0,Completed
O001286,C0297,P013,2026-06-22,4,3499,0,13996.0,Completed
O001287,C0234,P004,2026-03-27,1,5499,100,5399.0,Returned
O001288,C0346,P007,2026-08-31,3,1799,150,5247.0,Completed
O001289,C0069,P002,2026-04-11,3,3999,300,11697.0,Completed
O001290,C0359,P008,2026-09-09,4,2299,100,9096.0,Completed
O001291,C0082,P014,2026-07-09,1,5999,0,5999.0,Completed
O001292,C0386,P005,2026-06-19,2,999,100,1898.0,Returned
O001293,C0236,P008,2026-06-20,2,2299,300,4298.0,Completed
O001294,C0277,P007,2026-04-10,1,1799,100,1699.0,Completed
O001295,C0282,P010,2026-09-08,2,1599,200,2998.0,Cancelled
O001296,C0490,P012,2026-04-29,3,899,0,2697.0,Completed
O001297,C0487,P003,2026-04-20,4,2999,200,11796.0,Completed
O001298,C0339,P007,2026-07-15,3,1799,0,5397.0,Returned
O001299,C0449,P003,2026-03-31,4,2999,0,11996.0,Completed
O001300,C0083,P007,2026-05-16,2,1799,300,3298.0,Completed
O001301,C0493,P004,2026-06-23,1,5499,200,5299.0,Completed
O001302,C0472,P005,2026-09-04,1,999,500,499.0,Cancelled
O001303,C0198,P007,2026-08-07,3,1799,200,5197.0,Completed
O001304,C0391,P006,2026-07-17,1,2799,50,2749.0,Completed
O001305,C0081,P009,2026-06-27,2,1499,300,2698.0,Completed
O001306,C0330,P012,2026-09-17,4,899,150,3446.0,Completed
O001307,C0483,P015,2026-04-17,1,1199,0,1199.0,Completed
O001308,C0009,P010,2026-07-27,4,1599,0,6396.0,Completed
O001309,C0313,P015,2026-07-28,1,1199,500,699.0,Completed
O001310,C0022,P011,2026-05-15,3,1299,300,3597.0,Completed
O001311,C0223,P009,2026-05-11,4,1499,0,5996.0,Completed
O001312,C0493,P002,2026-07-05,3,3999,500,11497.0,Completed
O001313,C0326,P012,2026-06-25,4,899,0,3596.0,Completed
O001314,C0244,P005,2026-06-08,3,999,150,2847.0,Completed
O001315,C0408,P015,2026-03-23,4,1199,100,4696.0,Completed
O001316,C0198,P001,2026-04-30,1,2499,0,2499.0,Completed
O001317,C0439,P014,2026-05-04,3,5999,200,17797.0,Returned
O001318,C0210,P004,2026-08-26,4,5499,100,21896.0,Completed
O001319,C0434,P001,2026-08-31,4,2499,50,9946.0,Completed
O001320,C0374,P003,2026-08-01,4,2999,200,11796.0,Completed
O001321,C0108,P002,2026-08-30,2,3999,0,7998.0,Completed
O001322,C0188,P014,2026-06-12,3,5999,50,17947.0,Completed
O001323,C0050,P001,2026-08-29,4,2499,0,9996.0,Completed
O001324,C0074,P001,2026-03-28,1,2499,300,2199.0,Completed
O001325,C0067,P008,2026-05-22,3,2299,50,6847.0,Completed
O001326,C0104,P005,2026-06-26,2,999,100,1898.0,Completed
O001327,C0330,P001,2026-04-27,3,2499,0,7497.0,Completed
O001328,C0321,P010,2026-07-17,1,1599,0,1599.0,Completed
O001329,C0065,P002,2026-05-28,2,3999,150,7848.0,Completed
O001330,C0050,P002,2026-05-14,4,3999,200,15796.0,Completed
O001331,C0237,P013,2026-04-09,1,3499,300,3199.0,Completed
O001332,C0315,P002,2026-06-26,2,3999,300,7698.0,Completed
O001333,C0318,P015,2026-05-07,4,1199,50,4746.0,Completed
O001334,C0474,P003,2026-06-17,1,2999,0,2999.0,Cancelled
O001335,C0236,P010,2026-08-02,1,1599,50,1549.0,Completed
O001336,C0484,P002,2026-08-06,2,3999,0,7998.0,Completed
O001337,C0245,P013,2026-06-23,2,3499,100,6898.0,Completed
O001338,C0101,P001,2026-05-17,3,2499,50,7447.0,Completed
O001339,C0351,P003,2026-07-23,3,2999,150,8847.0,Completed
O001340,C0050,P006,2026-07-26,3,2799,500,7897.0,Completed
O001341,C0492,P007,2026-05-05,2,1799,150,3448.0,Completed
O001342,C0444,P015,2026-04-17,3,1199,300,3297.0,Completed
O001343,C0392,P010,2026-05-13,3,1599,50,4747.0,Returned
O001344,C0236,P007,2026-08-21,4,1799,300,6896.0,Completed
O001345,C0426,P006,2026-07-09,1,2799,300,2499.0,Completed
O001346,C0162,P006,2026-05-03,1,2799,500,2299.0,Completed
O001347,C0494,P009,2026-06-05,3,1499,300,4197.0,Completed
O001348,C0461,P011,2026-03-29,3,1299,300,3597.0,Completed
O001349,C0420,P006,2026-06-21,4,2799,50,11146.0,Completed
O001350,C0101,P011,2026-04-28,3,1299,200,3697.0,Completed
O001351,C0065,P001,2026-06-14,3,2499,0,7497.0,Completed
O001352,C0277,P013,2026-08-12,3,3499,100,10397.0,Completed
O001353,C0127,P010,2026-04-17,2,1599,100,3098.0,Completed
O001354,C0363,P010,2026-09-12,1,1599,300,1299.0,Completed
O001355,C0147,P014,2026-05-11,3,5999,100,17897.0,Completed
O001356,C0239,P008,2026-07-07,1,2299,150,2149.0,Completed
O001357,C0222,P003,2026-05-21,3,2999,300,8697.0,Completed
O001358,C0127,P001,2026-06-02,1,2499,500,1999.0,Completed
O001359,C0500,P007,2026-06-16,1,1799,0,1799.0,Completed
O001360,C0039,P008,2026-06-07,1,2299,300,1999.0,Completed
O001361,C0387,P006,2026-08-11,4,2799,0,11196.0,Completed
O001362,C0239,P010,2026-06-06,1,1599,300,1299.0,Completed
O001363,C0223,P008,2026-08-27,1,2299,200,2099.0,Completed
O001364,C0105,P001,2026-04-17,1,2499,50,2449.0,Cancelled
O001365,C0452,P012,2026-05-04,4,899,100,3496.0,Completed
O001366,C0371,P015,2026-09-14,3,1199,0,3597.0,Completed
O001367,C0117,P015,2026-04-03,1,1199,0,1199.0,Returned
O001368,C0041,P005,2026-05-30,3,999,300,2697.0,Completed
O001369,C0483,P003,2026-04-23,4,2999,0,11996.0,Completed
O001370,C0072,P013,2026-09-09,4,3499,500,13496.0,Completed
O001371,C0252,P004,2026-06-01,4,5499,500,21496.0,Completed
O001372,C0376,P008,2026-05-28,2,2299,0,4598.0,Completed
O001373,C0359,P002,2026-09-06,3,3999,100,11897.0,Completed
O001374,C0448,P004,2026-07-26,1,5499,0,5499.0,Completed
O001375,C0006,P011,2026-06-28,2,1299,500,2098.0,Completed
O001376,C0057,P006,2026-06-09,2,2799,200,5398.0,Completed
O001377,C0328,P003,2026-05-17,1,2999,50,2949.0,Completed
O001378,C0183,P008,2026-05-09,2,2299,300,4298.0,Completed
O001379,C0206,P003,2026-04-28,3,2999,0,8997.0,Completed
O001380,C0058,P012,2026-03-26,1,899,100,799.0,Completed
O001381,C0083,P005,2026-09-07,1,999,500,499.0,Completed
O001382,C0162,P005,2026-06-20,1,999,0,999.0,Completed
O001383,C0073,P007,2026-04-04,4,1799,200,6996.0,Completed
O001384,C0175,P002,2026-07-08,1,3999,300,3699.0,Completed
O001385,C0083,P007,2026-08-04,2,1799,150,3448.0,Completed
O001386,C0247,P007,2026-09-03,1,1799,0,1799.0,Completed
O001387,C0059,P004,2026-03-31,1,5499,0,5499.0,Completed
O001388,C0111,P002,2026-05-18,1,3999,150,3849.0,Completed
O001389,C0352,P012,2026-06-30,4,899,300,3296.0,Completed
O001390,C0377,P014,2026-05-13,3,5999,500,17497.0,Completed
O001391,C0093,P006,2026-03-22,3,2799,150,8247.0,Completed
O001392,C0244,P015,2026-09-14,4,1199,150,4646.0,Completed
O001393,C0146,P011,2026-05-08,1,1299,50,1249.0,Completed
O001394,C0223,P003,2026-07-09,1,2999,500,2499.0,Completed
O001395,C0081,P005,2026-09-11,1,999,50,949.0,Completed
O001396,C0003,P010,2026-08-18,3,1599,500,4297.0,Completed
O001397,C0458,P004,2026-04-02,4,5499,0,21996.0,Completed
O001398,C0277,P011,2026-08-03,3,1299,100,3797.0,Completed
O001399,C0387,P003,2026-06-07,1,2999,0,2999.0,Completed
O001400,C0152,P008,2026-08-08,4,2299,200,8996.0,Completed
O001401,C0236,P005,2026-03-25,3,999,500,2497.0,Completed
O001402,C0139,P012,2026-04-19,3,899,500,2197.0,Completed
O001403,C0247,P012,2026-07-05,1,899,50,849.0,Completed
O001404,C0330,P003,2026-03-29,3,2999,500,8497.0,Completed
O001405,C0380,P012,2026-05-13,4,899,200,3396.0,Completed
O001406,C0087,P015,2026-05-31,4,1199,0,4796.0,Completed
O001407,C0343,P009,2026-05-28,4,1499,50,5946.0,Completed
O001408,C0160,P015,2026-08-19,3,1199,300,3297.0,Completed
O001409,C0125,P005,2026-08-17,2,999,0,1998.0,Completed
O001410,C0157,P014,2026-07-16,1,5999,300,5699.0,Completed
O001411,C0407,P013,2026-04-19,3,3499,150,10347.0,Returned
O001412,C0242,P015,2026-09-12,2,1199,500,1898.0,Completed
O001413,C0499,P005,2026-07-24,2,999,150,1848.0,Completed
O001414,C0413,P005,2026-04-01,1,999,500,499.0,Completed
O001415,C0433,P010,2026-07-25,1,1599,0,1599.0,Completed
O001416,C0210,P006,2026-05-25,1,2799,0,2799.0,Completed
O001417,C0461,P005,2026-05-30,2,999,0,1998.0,Completed
O001418,C0377,P004,2026-06-04,4,5499,0,21996.0,Completed
O001419,C0234,P015,2026-09-11,3,1199,100,3497.0,Completed
O001420,C0206,P007,2026-06-07,1,1799,150,1649.0,Completed
O001421,C0080,P010,2026-08-17,4,1599,200,6196.0,Completed
O001422,C0392,P004,2026-07-06,3,5499,50,16447.0,Completed
O001423,C0139,P005,2026-08-14,1,999,150,849.0,Completed
O001424,C0225,P009,2026-07-11,2,1499,300,2698.0,Completed
O001425,C0252,P008,2026-07-19,3,2299,200,6697.0,Completed
O001426,C0228,P007,2026-03-29,4,1799,500,6696.0,Completed
O001427,C0018,P013,2026-04-26,4,3499,0,13996.0,Completed
O001428,C0140,P013,2026-04-23,2,3499,200,6798.0,Completed
O001429,C0474,P010,2026-06-30,3,1599,0,4797.0,Completed
O001430,C0337,P001,2026-04-04,4,2499,500,9496.0,Completed
O001431,C0122,P014,2026-08-21,1,5999,200,5799.0,Completed
O001432,C0132,P010,2026-04-06,4,1599,200,6196.0,Completed
O001433,C0290,P011,2026-08-01,1,1299,100,1199.0,Completed
O001434,C0380,P008,2026-09-10,2,2299,100,4498.0,Completed
O001435,C0076,P005,2026-07-24,3,999,0,2997.0,Completed
O001436,C0091,P002,2026-04-30,1,3999,0,3999.0,Completed
O001437,C0065,P009,2026-05-13,1,1499,100,1399.0,Completed
O001438,C0017,P014,2026-04-05,4,5999,300,23696.0,Completed
O001439,C0139,P007,2026-05-21,4,1799,50,7146.0,Completed
O001440,C0263,P005,2026-07-10,4,999,0,3996.0,Completed
O001441,C0014,P003,2026-05-04,2,2999,100,5898.0,Completed
O001442,C0352,P009,2026-07-22,2,1499,500,2498.0,Completed
O001443,C0334,P002,2026-09-08,4,3999,200,15796.0,Completed
O001444,C0184,P012,2026-07-06,1,899,500,399.0,Completed
O001445,C0072,P001,2026-04-21,3,2499,500,6997.0,Completed
O001446,C0005,P010,2026-09-03,3,1599,0,4797.0,Completed
O001447,C0329,P010,2026-06-20,4,1599,0,6396.0,Returned
O001448,C0231,P015,2026-03-24,4,1199,150,4646.0,Cancelled
O001449,C0166,P009,2026-09-18,2,1499,200,2798.0,Completed
O001450,C0245,P002,2026-06-20,2,3999,50,7948.0,Completed
O001451,C0273,P006,2026-06-01,4,2799,50,11146.0,Completed
O001452,C0329,P005,2026-09-03,4,999,0,3996.0,Completed
O001453,C0498,P008,2026-04-24,2,2299,150,4448.0,Completed
O001454,C0292,P010,2026-04-08,3,1599,300,4497.0,Completed
O001455,C0446,P012,2026-04-15,2,899,100,1698.0,Completed
O001456,C0242,P015,2026-05-20,4,1199,200,4596.0,Cancelled
O001457,C0420,P015,2026-05-05,2,1199,0,2398.0,Completed
O001458,C0181,P013,2026-04-06,4,3499,0,13996.0,Completed
O001459,C0062,P001,2026-06-25,1,2499,500,1999.0,Completed
O001460,C0439,P001,2026-04-18,2,2499,200,4798.0,Completed
O001461,C0178,P003,2026-05-25,2,2999,100,5898.0,Completed
O001462,C0343,P005,2026-05-02,2,999,100,1898.0,Completed
O001463,C0253,P013,2026-08-18,2,3499,0,6998.0,Completed
O001464,C0495,P011,2026-03-30,1,1299,100,1199.0,Completed
O001465,C0468,P001,2026-08-14,3,2499,300,7197.0,Completed
O001466,C0041,P006,2026-05-09,2,2799,500,5098.0,Completed
O001467,C0277,P014,2026-06-21,4,5999,200,23796.0,Completed
O001468,C0270,P014,2026-07-12,2,5999,0,11998.0,Completed
O001469,C0177,P014,2026-04-23,1,5999,0,5999.0,Completed
O001470,C0136,P002,2026-05-20,1,3999,500,3499.0,Completed
O001471,C0260,P006,2026-06-04,1,2799,100,2699.0,Completed
O001472,C0116,P007,2026-05-01,3,1799,0,5397.0,Returned
O001473,C0041,P009,2026-07-02,2,1499,150,2848.0,Completed
O001474,C0262,P012,2026-05-28,1,899,500,399.0,Completed
O001475,C0022,P006,2026-05-12,4,2799,150,11046.0,Completed
O001476,C0391,P001,2026-08-09,2,2499,100,4898.0,Completed
O001477,C0150,P015,2026-07-26,1,1199,100,1099.0,Completed
O001478,C0493,P010,2026-04-09,1,1599,200,1399.0,Returned
O001479,C0295,P012,2026-04-24,1,899,500,399.0,Completed
O001480,C0026,P002,2026-07-29,1,3999,500,3499.0,Completed
O001481,C0161,P007,2026-05-19,4,1799,150,7046.0,Completed
O001482,C0029,P001,2026-09-12,2,2499,300,4698.0,Completed
O001483,C0011,P009,2026-06-29,4,1499,0,5996.0,Completed
O001484,C0352,P003,2026-08-09,4,2999,300,11696.0,Completed
O001485,C0212,P002,2026-05-10,3,3999,200,11797.0,Completed
O001486,C0480,P001,2026-04-14,2,2499,100,4898.0,Completed
O001487,C0106,P007,2026-05-24,1,1799,0,1799.0,Completed
O001488,C0041,P001,2026-05-07,2,2499,500,4498.0,Completed
O001489,C0145,P006,2026-04-24,2,2799,150,5448.0,Completed
O001490,C0234,P011,2026-04-10,1,1299,0,1299.0,Completed
O001491,C0262,P004,2026-05-17,4,5499,200,21796.0,Completed
O001492,C0140,P006,2026-08-03,3,2799,100,8297.0,Completed
O001493,C0148,P012,2026-06-18,1,899,0,899.0,Completed
O001494,C0356,P010,2026-04-11,4,1599,150,6246.0,Completed
O001495,C0069,P014,2026-08-10,2,5999,150,11848.0,Completed
O001496,C0175,P012,2026-05-21,2,899,0,1798.0,Completed
O001497,C0326,P013,2026-03-27,4,3499,0,13996.0,Completed
O001498,C0023,P005,2026-06-06,3,999,300,2697.0,Completed
O001499,C0047,P001,2026-07-26,3,2499,300,7197.0,Completed
O001500,C0181,P007,2026-05-18,4,1799,0,7196.0,Completed
O001501,C0082,P011,2026-09-07,4,1299,0,5196.0,Completed
O001502,C0260,P013,2026-08-24,3,3499,0,10497.0,Completed
O001503,C0153,P015,2026-03-29,3,1199,100,3497.0,Completed
O001504,C0435,P010,2026-04-05,4,1599,300,6096.0,Completed
O001505,C0268,P007,2026-07-08,3,1799,500,4897.0,Completed
O001506,C0277,P013,2026-06-27,3,3499,50,10447.0,Completed
O001507,C0483,P004,2026-06-01,2,5499,0,10998.0,Completed
O001508,C0493,P005,2026-08-07,1,999,100,899.0,Completed
O001509,C0278,P007,2026-06-22,1,1799,150,1649.0,Completed
O001510,C0116,P013,2026-06-08,1,3499,0,3499.0,Completed
O001511,C0148,P014,2026-07-13,3,5999,50,17947.0,Completed
O001512,C0212,P001,2026-06-21,4,2499,0,9996.0,Completed
O001513,C0443,P009,2026-04-05,2,1499,300,2698.0,Completed
O001514,C0044,P005,2026-07-12,3,999,0,2997.0,Completed
O001515,C0392,P013,2026-07-26,3,3499,150,10347.0,Completed
O001516,C0318,P003,2026-05-20,2,2999,0,5998.0,Completed
O001517,C0024,P003,2026-04-01,4,2999,200,11796.0,Completed
O001518,C0106,P001,2026-03-26,3,2499,150,7347.0,Completed
O001519,C0450,P014,2026-08-22,3,5999,0,17997.0,Completed
O001520,C0059,P002,2026-07-30,4,3999,0,15996.0,Completed
O001521,C0093,P006,2026-04-09,3,2799,300,8097.0,Completed
O001522,C0460,P005,2026-06-13,2,999,0,1998.0,Completed
O001523,C0167,P006,2026-07-20,4,2799,200,10996.0,Returned
O001524,C0134,P010,2026-06-24,1,1599,50,1549.0,Completed
O001525,C0484,P003,2026-08-24,1,2999,0,2999.0,Completed
O001526,C0145,P009,2026-06-26,3,1499,100,4397.0,Completed
O001527,C0022,P011,2026-09-04,2,1299,300,2298.0,Completed
O001528,C0043,P015,2026-08-06,2,1199,300,2098.0,Completed
O001529,C0444,P015,2026-09-06,1,1199,500,699.0,Completed
O001530,C0214,P006,2026-08-16,3,2799,100,8297.0,Completed
O001531,C0113,P006,2026-05-20,2,2799,200,5398.0,Completed
O001532,C0385,P002,2026-07-04,2,3999,500,7498.0,Completed
O001533,C0162,P009,2026-09-05,1,1499,200,1299.0,Completed
O001534,C0107,P008,2026-08-14,4,2299,100,9096.0,Completed
O001535,C0066,P015,2026-09-10,2,1199,300,2098.0,Completed
O001536,C0069,P010,2026-06-17,3,1599,150,4647.0,Completed
O001537,C0045,P007,2026-08-16,4,1799,50,7146.0,Completed
O001538,C0464,P013,2026-07-16,2,3499,50,6948.0,Completed
O001539,C0065,P007,2026-04-16,3,1799,500,4897.0,Completed
O001540,C0023,P014,2026-09-14,4,5999,0,23996.0,Completed
O001541,C0041,P003,2026-06-20,4,2999,300,11696.0,Completed
O001542,C0352,P009,2026-04-21,2,1499,150,2848.0,Completed
O001543,C0432,P015,2026-04-02,3,1199,0,3597.0,Completed
O001544,C0482,P006,2026-08-30,4,2799,300,10896.0,Completed
O001545,C0437,P007,2026-09-17,3,1799,500,4897.0,Completed
O001546,C0082,P012,2026-03-23,1,899,50,849.0,Completed
O001547,C0175,P011,2026-06-12,4,1299,300,4896.0,Completed
O001548,C0244,P012,2026-05-20,3,899,0,2697.0,Completed
O001549,C0157,P001,2026-06-12,4,2499,150,9846.0,Completed
O001550,C0388,P003,2026-05-14,2,2999,0,5998.0,Completed
O001551,C0126,P010,2026-06-18,3,1599,0,4797.0,Completed
O001552,C0064,P005,2026-07-12,3,999,500,2497.0,Completed
O001553,C0080,P005,2026-05-20,3,999,0,2997.0,Completed
O001554,C0069,P002,2026-03-29,2,3999,50,7948.0,Completed
O001555,C0025,P015,2026-07-25,2,1199,0,2398.0,Completed
O001556,C0017,P006,2026-08-15,2,2799,150,5448.0,Completed
O001557,C0215,P009,2026-06-05,2,1499,500,2498.0,Completed
O001558,C0363,P012,2026-07-10,1,899,500,399.0,Completed
O001559,C0049,P014,2026-09-09,2,5999,150,11848.0,Completed
O001560,C0163,P013,2026-04-10,1,3499,100,3399.0,Completed
O001561,C0244,P006,2026-08-30,3,2799,500,7897.0,Completed
O001562,C0337,P013,2026-03-31,1,3499,200,3299.0,Completed
O001563,C0484,P012,2026-08-11,3,899,100,2597.0,Completed
O001564,C0461,P011,2026-05-23,1,1299,0,1299.0,Completed
O001565,C0177,P014,2026-05-28,2,5999,100,11898.0,Completed
O001566,C0236,P014,2026-06-02,2,5999,500,11498.0,Completed
O001567,C0319,P015,2026-03-22,1,1199,100,1099.0,Completed
O001568,C0237,P009,2026-03-31,2,1499,50,2948.0,Completed
O001569,C0118,P010,2026-09-01,4,1599,100,6296.0,Completed
O001570,C0253,P011,2026-05-20,2,1299,150,2448.0,Completed
O001571,C0335,P008,2026-08-22,4,2299,300,8896.0,Completed
O001572,C0236,P005,2026-04-19,1,999,100,899.0,Returned
O001573,C0472,P013,2026-07-14,3,3499,300,10197.0,Completed
O001574,C0331,P007,2026-07-18,1,1799,50,1749.0,Returned
O001575,C0330,P002,2026-09-18,3,3999,300,11697.0,Completed
O001576,C0464,P008,2026-09-13,4,2299,300,8896.0,Completed
O001577,C0132,P005,2026-04-06,2,999,300,1698.0,Completed
O001578,C0149,P005,2026-06-30,3,999,300,2697.0,Completed
O001579,C0206,P007,2026-05-29,3,1799,0,5397.0,Completed
O001580,C0102,P006,2026-07-14,1,2799,150,2649.0,Completed
O001581,C0279,P015,2026-08-29,2,1199,100,2298.0,Completed
O001582,C0500,P010,2026-08-23,3,1599,50,4747.0,Completed
O001583,C0493,P012,2026-04-14,1,899,300,599.0,Completed
O001584,C0151,P015,2026-09-05,3,1199,0,3597.0,Completed
O001585,C0098,P006,2026-08-06,2,2799,50,5548.0,Completed
O001586,C0366,P004,2026-06-25,3,5499,50,16447.0,Completed
O001587,C0101,P009,2026-03-31,2,1499,0,2998.0,Completed
O001588,C0387,P009,2026-07-24,1,1499,300,1199.0,Completed
O001589,C0127,P005,2026-08-30,1,999,100,899.0,Completed
O001590,C0115,P001,2026-06-26,3,2499,0,7497.0,Completed
O001591,C0067,P014,2026-04-10,3,5999,0,17997.0,Completed
O001592,C0370,P012,2026-03-25,4,899,0,3596.0,Completed
O001593,C0260,P010,2026-08-19,2,1599,0,3198.0,Completed
O001594,C0087,P014,2026-07-08,3,5999,200,17797.0,Completed
O001595,C0015,P005,2026-05-12,3,999,500,2497.0,Completed
O001596,C0328,P010,2026-06-04,4,1599,300,6096.0,Completed
O001597,C0104,P007,2026-06-02,3,1799,500,4897.0,Completed
O001598,C0255,P009,2026-03-26,2,1499,300,2698.0,Cancelled
O001599,C0374,P007,2026-07-15,3,1799,0,5397.0,Completed
O001600,C0017,P007,2026-06-24,2,1799,500,3098.0,Completed
O001601,C0059,P011,2026-04-27,3,1299,200,3697.0,Completed
O001602,C0047,P002,2026-07-25,2,3999,100,7898.0,Completed
O001603,C0047,P003,2026-08-02,4,2999,500,11496.0,Completed
O001604,C0276,P013,2026-07-26,2,3499,0,6998.0,Completed
O001605,C0145,P012,2026-03-31,3,899,50,2647.0,Completed
O001606,C0276,P010,2026-05-29,4,1599,0,6396.0,Completed
O001607,C0387,P009,2026-06-10,4,1499,500,5496.0,Returned
O001608,C0110,P006,2026-07-31,4,2799,500,10696.0,Completed
O001609,C0380,P012,2026-07-08,1,899,0,899.0,Completed
O001610,C0176,P003,2026-08-02,1,2999,50,2949.0,Completed
O001611,C0079,P004,2026-03-31,4,5499,0,21996.0,Completed
O001612,C0241,P003,2026-08-09,4,2999,50,11946.0,Completed
O001613,C0003,P005,2026-06-05,1,999,300,699.0,Completed
O001614,C0462,P011,2026-08-26,3,1299,200,3697.0,Completed
O001615,C0274,P011,2026-06-04,2,1299,50,2548.0,Completed
O001616,C0094,P013,2026-07-20,3,3499,150,10347.0,Completed
O001617,C0488,P006,2026-08-03,2,2799,50,5548.0,Completed
O001618,C0234,P001,2026-05-06,3,2499,300,7197.0,Completed
O001619,C0036,P001,2026-05-12,3,2499,100,7397.0,Completed
O001620,C0257,P008,2026-04-06,3,2299,0,6897.0,Completed
O001621,C0295,P003,2026-08-31,1,2999,200,2799.0,Completed
O001622,C0106,P006,2026-05-31,1,2799,100,2699.0,Completed
O001623,C0477,P014,2026-06-24,4,5999,150,23846.0,Completed
O001624,C0194,P015,2026-04-10,3,1199,100,3497.0,Completed
O001625,C0057,P012,2026-05-06,2,899,150,1648.0,Completed
O001626,C0056,P003,2026-08-16,4,2999,200,11796.0,Completed
O001627,C0295,P010,2026-05-14,3,1599,500,4297.0,Completed
O001628,C0400,P004,2026-08-26,2,5499,0,10998.0,Completed
O001629,C0079,P008,2026-04-10,1,2299,200,2099.0,Completed
O001630,C0027,P003,2026-09-08,4,2999,300,11696.0,Completed
O001631,C0140,P009,2026-08-12,1,1499,100,1399.0,Completed
O001632,C0396,P007,2026-06-09,4,1799,200,6996.0,Completed
O001633,C0147,P009,2026-05-03,1,1499,100,1399.0,Returned
O001634,C0437,P005,2026-08-12,2,999,300,1698.0,Completed
O001635,C0352,P013,2026-08-11,3,3499,0,10497.0,Completed
O001636,C0327,P006,2026-06-23,2,2799,0,5598.0,Completed
O001637,C0395,P011,2026-05-15,3,1299,300,3597.0,Completed
O001638,C0460,P015,2026-06-25,2,1199,300,2098.0,Completed
O001639,C0384,P001,2026-06-22,2,2499,500,4498.0,Completed
O001640,C0002,P010,2026-04-15,3,1599,200,4597.0,Completed
O001641,C0479,P005,2026-03-30,1,999,150,849.0,Completed
O001642,C0324,P008,2026-09-16,4,2299,0,9196.0,Completed
O001643,C0124,P011,2026-07-20,1,1299,0,1299.0,Cancelled
O001644,C0318,P008,2026-07-21,4,2299,50,9146.0,Completed
O001645,C0326,P013,2026-06-24,1,3499,0,3499.0,Completed
O001646,C0470,P012,2026-04-24,2,899,50,1748.0,Completed
O001647,C0437,P014,2026-07-13,1,5999,0,5999.0,Completed
O001648,C0033,P006,2026-05-10,1,2799,150,2649.0,Completed
O001649,C0378,P001,2026-05-04,3,2499,200,7297.0,Completed
O001650,C0290,P012,2026-09-08,3,899,0,2697.0,Completed
O001651,C0438,P011,2026-05-10,1,1299,0,1299.0,Completed
O001652,C0243,P003,2026-05-05,3,2999,0,8997.0,Completed
O001653,C0125,P010,2026-05-05,2,1599,300,2898.0,Completed
O001654,C0440,P014,2026-05-31,1,5999,150,5849.0,Completed
O001655,C0063,P006,2026-08-13,4,2799,0,11196.0,Returned
O001656,C0049,P002,2026-04-13,1,3999,50,3949.0,Completed
O001657,C0295,P011,2026-03-24,1,1299,50,1249.0,Completed
O001658,C0176,P008,2026-06-08,1,2299,100,2199.0,Completed
O001659,C0324,P015,2026-06-09,2,1199,50,2348.0,Completed
O001660,C0357,P005,2026-04-26,2,999,150,1848.0,Completed
O001661,C0198,P004,2026-05-12,2,5499,150,10848.0,Completed
O001662,C0134,P005,2026-04-14,4,999,150,3846.0,Completed
O001663,C0283,P006,2026-08-30,3,2799,500,7897.0,Completed
O001664,C0080,P001,2026-08-06,4,2499,50,9946.0,Completed
O001665,C0355,P007,2026-05-14,3,1799,150,5247.0,Completed
O001666,C0500,P009,2026-07-31,3,1499,0,4497.0,Completed
O001667,C0117,P004,2026-03-30,4,5499,150,21846.0,Completed
O001668,C0247,P011,2026-04-26,2,1299,500,2098.0,Completed
O001669,C0149,P006,2026-06-12,4,2799,0,11196.0,Completed
O001670,C0318,P006,2026-07-07,1,2799,50,2749.0,Completed
O001671,C0153,P011,2026-06-21,1,1299,50,1249.0,Completed
O001672,C0229,P009,2026-07-12,2,1499,0,2998.0,Completed
O001673,C0224,P010,2026-07-21,4,1599,300,6096.0,Completed
O001674,C0117,P012,2026-07-23,3,899,200,2497.0,Completed
O001675,C0139,P001,2026-07-07,2,2499,0,4998.0,Completed
O001676,C0121,P010,2026-05-02,4,1599,0,6396.0,Completed
O001677,C0482,P005,2026-04-24,2,999,50,1948.0,Completed
O001678,C0404,P001,2026-04-27,1,2499,150,2349.0,Completed
O001679,C0224,P007,2026-03-22,2,1799,500,3098.0,Completed
O001680,C0091,P015,2026-06-08,2,1199,150,2248.0,Completed
O001681,C0110,P014,2026-04-14,2,5999,300,11698.0,Completed
O001682,C0075,P011,2026-07-22,3,1299,0,3897.0,Completed
O001683,C0055,P008,2026-07-20,4,2299,100,9096.0,Completed
O001684,C0436,P008,2026-06-29,2,2299,0,4598.0,Completed
O001685,C0390,P015,2026-06-13,2,1199,300,2098.0,Completed
O001686,C0429,P011,2026-08-05,4,1299,300,4896.0,Completed
O001687,C0236,P011,2026-08-24,1,1299,100,1199.0,Completed
O001688,C0109,P006,2026-07-28,3,2799,200,8197.0,Completed
O001689,C0303,P010,2026-09-03,4,1599,0,6396.0,Completed
O001690,C0242,P004,2026-06-07,1,5499,100,5399.0,Completed
O001691,C0156,P007,2026-04-29,2,1799,300,3298.0,Completed
O001692,C0184,P011,2026-05-27,4,1299,0,5196.0,Returned
O001693,C0205,P003,2026-09-12,2,2999,300,5698.0,Completed
O001694,C0057,P008,2026-09-13,1,2299,200,2099.0,Completed
O001695,C0328,P014,2026-05-02,4,5999,0,23996.0,Completed
O001696,C0279,P009,2026-03-24,4,1499,500,5496.0,Completed
O001697,C0495,P011,2026-04-04,4,1299,300,4896.0,Completed
O001698,C0117,P012,2026-07-28,1,899,500,399.0,Completed
O001699,C0234,P012,2026-04-19,3,899,200,2497.0,Completed
O001700,C0206,P009,2026-04-29,4,1499,0,5996.0,Completed
O001701,C0493,P015,2026-07-31,3,1199,100,3497.0,Completed
O001702,C0374,P014,2026-04-03,4,5999,300,23696.0,Completed
O001703,C0025,P002,2026-06-23,4,3999,500,15496.0,Completed
O001704,C0296,P011,2026-07-08,3,1299,150,3747.0,Completed
O001705,C0135,P013,2026-05-06,1,3499,150,3349.0,Completed
O001706,C0199,P001,2026-06-06,4,2499,200,9796.0,Completed
O001707,C0295,P002,2026-08-05,3,3999,0,11997.0,Completed
O001708,C0115,P003,2026-04-23,1,2999,0,2999.0,Completed
O001709,C0318,P008,2026-06-18,4,2299,150,9046.0,Cancelled
O001710,C0350,P010,2026-04-01,2,1599,500,2698.0,Completed
O001711,C0176,P001,2026-06-27,2,2499,0,4998.0,Completed
O001712,C0372,P002,2026-07-08,3,3999,150,11847.0,Completed
O001713,C0082,P012,2026-07-10,3,899,0,2697.0,Returned
O001714,C0407,P004,2026-08-26,3,5499,150,16347.0,Completed
O001715,C0448,P013,2026-06-25,2,3499,0,6998.0,Completed
O001716,C0101,P013,2026-09-14,4,3499,150,13846.0,Completed
O001717,C0125,P009,2026-05-07,1,1499,300,1199.0,Completed
O001718,C0124,P001,2026-03-26,4,2499,100,9896.0,Completed
O001719,C0329,P003,2026-07-18,3,2999,150,8847.0,Completed
O001720,C0319,P006,2026-05-18,1,2799,100,2699.0,Completed
O001721,C0149,P004,2026-08-24,1,5499,150,5349.0,Completed
O001722,C0291,P007,2026-07-21,3,1799,300,5097.0,Completed
O001723,C0006,P006,2026-06-18,3,2799,200,8197.0,Completed
O001724,C0073,P008,2026-08-05,4,2299,100,9096.0,Completed
O001725,C0338,P007,2026-03-30,3,1799,300,5097.0,Completed
O001726,C0279,P002,2026-04-12,4,3999,200,15796.0,Completed
O001727,C0253,P006,2026-06-10,3,2799,150,8247.0,Completed
O001728,C0230,P001,2026-08-28,2,2499,50,4948.0,Completed
O001729,C0210,P007,2026-08-11,1,1799,150,1649.0,Completed
O001730,C0109,P007,2026-08-24,2,1799,300,3298.0,Returned
O001731,C0065,P002,2026-05-15,4,3999,100,15896.0,Cancelled
O001732,C0277,P005,2026-07-02,2,999,50,1948.0,Completed
O001733,C0162,P013,2026-08-22,2,3499,300,6698.0,Completed
O001734,C0395,P006,2026-07-28,1,2799,200,2599.0,Completed
O001735,C0188,P004,2026-07-18,4,5499,500,21496.0,Completed
O001736,C0483,P008,2026-07-02,2,2299,50,4548.0,Completed
O001737,C0254,P014,2026-09-05,3,5999,500,17497.0,Completed
O001738,C0474,P002,2026-07-07,4,3999,300,15696.0,Completed
O001739,C0319,P001,2026-08-25,2,2499,50,4948.0,Completed
O001740,C0044,P010,2026-06-13,4,1599,0,6396.0,Completed
O001741,C0079,P010,2026-06-24,4,1599,0,6396.0,Completed
O001742,C0297,P015,2026-05-02,4,1199,100,4696.0,Completed
O001743,C0370,P014,2026-07-20,2,5999,50,11948.0,Returned
O001744,C0482,P004,2026-06-05,3,5499,50,16447.0,Completed
O001745,C0021,P004,2026-05-23,4,5499,500,21496.0,Completed
O001746,C0215,P004,2026-07-28,2,5499,500,10498.0,Completed
O001747,C0417,P010,2026-05-23,3,1599,50,4747.0,Completed
O001748,C0498,P002,2026-09-12,1,3999,0,3999.0,Completed
O001749,C0454,P009,2026-04-09,4,1499,300,5696.0,Completed
O001750,C0494,P005,2026-07-12,1,999,0,999.0,Completed
O001751,C0373,P001,2026-04-01,3,2499,300,7197.0,Completed
O001752,C0364,P015,2026-04-22,4,1199,300,4496.0,Completed
O001753,C0444,P005,2026-06-23,1,999,50,949.0,Completed
O001754,C0156,P003,2026-05-14,2,2999,500,5498.0,Completed
O001755,C0150,P011,2026-07-25,1,1299,500,799.0,Completed
O001756,C0388,P005,2026-09-14,3,999,150,2847.0,Completed
O001757,C0403,P008,2026-08-21,3,2299,150,6747.0,Completed
O001758,C0069,P003,2026-05-17,3,2999,0,8997.0,Completed
O001759,C0274,P006,2026-05-01,3,2799,150,8247.0,Completed
O001760,C0142,P008,2026-04-30,4,2299,150,9046.0,Completed
O001761,C0352,P003,2026-06-28,2,2999,150,5848.0,Completed
O001762,C0106,P001,2026-04-28,2,2499,150,4848.0,Completed
O001763,C0117,P006,2026-08-27,4,2799,500,10696.0,Completed
O001764,C0157,P011,2026-08-02,2,1299,200,2398.0,Completed
O001765,C0454,P015,2026-08-03,4,1199,50,4746.0,Completed
O001766,C0236,P015,2026-09-09,4,1199,0,4796.0,Returned
O001767,C0157,P004,2026-05-18,3,5499,100,16397.0,Completed
O001768,C0301,P013,2026-06-21,1,3499,100,3399.0,Completed
O001769,C0277,P015,2026-05-12,1,1199,100,1099.0,Completed
O001770,C0022,P007,2026-07-29,1,1799,200,1599.0,Completed
O001771,C0268,P009,2026-07-14,1,1499,0,1499.0,Completed
O001772,C0115,P004,2026-09-14,3,5499,50,16447.0,Returned
O001773,C0450,P004,2026-05-06,2,5499,500,10498.0,Completed
O001774,C0302,P005,2026-05-09,3,999,0,2997.0,Completed
O001775,C0480,P002,2026-04-06,2,3999,150,7848.0,Completed
O001776,C0113,P010,2026-04-16,4,1599,500,5896.0,Completed
O001777,C0400,P001,2026-05-11,3,2499,0,7497.0,Completed
O001778,C0215,P002,2026-04-16,4,3999,100,15896.0,Completed
O001779,C0101,P010,2026-08-14,4,1599,150,6246.0,Completed
O001780,C0210,P014,2026-09-02,1,5999,500,5499.0,Completed
O001781,C0419,P011,2026-05-25,4,1299,0,5196.0,Completed
O001782,C0297,P005,2026-06-14,4,999,50,3946.0,Completed
O001783,C0246,P005,2026-08-05,3,999,150,2847.0,Completed
O001784,C0124,P011,2026-04-19,3,1299,500,3397.0,Cancelled
O001785,C0492,P003,2026-06-11,4,2999,0,11996.0,Completed
O001786,C0244,P008,2026-05-06,4,2299,50,9146.0,Completed
O001787,C0210,P011,2026-07-13,3,1299,0,3897.0,Completed
O001788,C0349,P009,2026-04-18,2,1499,100,2898.0,Completed
O001789,C0099,P005,2026-08-04,3,999,200,2797.0,Completed
O001790,C0347,P005,2026-06-12,2,999,50,1948.0,Completed
O001791,C0392,P007,2026-08-25,2,1799,50,3548.0,Completed
O001792,C0149,P009,2026-05-29,4,1499,300,5696.0,Completed
O001793,C0118,P008,2026-04-28,3,2299,200,6697.0,Completed
O001794,C0373,P006,2026-06-08,3,2799,500,7897.0,Completed
O001795,C0188,P013,2026-07-03,4,3499,0,13996.0,Completed
O001796,C0196,P006,2026-05-31,2,2799,500,5098.0,Completed
O001797,C0356,P004,2026-06-05,2,5499,150,10848.0,Completed
O001798,C0016,P006,2026-06-13,4,2799,300,10896.0,Completed
O001799,C0379,P004,2026-05-31,2,5499,500,10498.0,Completed
O001800,C0113,P003,2026-08-20,3,2999,500,8497.0,Completed
O001801,C0492,P001,2026-05-24,4,2499,500,9496.0,Completed
O001802,C0300,P010,2026-04-16,4,1599,0,6396.0,Completed
O001803,C0157,P005,2026-06-02,3,999,500,2497.0,Completed
O001804,C0068,P015,2026-07-05,1,1199,200,999.0,Completed
O001805,C0459,P003,2026-08-12,3,2999,100,8897.0,Completed
O001806,C0113,P006,2026-09-14,3,2799,150,8247.0,Completed
O001807,C0395,P013,2026-06-22,1,3499,200,3299.0,Completed
O001808,C0217,P012,2026-06-12,2,899,50,1748.0,Completed
O001809,C0224,P006,2026-09-11,3,2799,100,8297.0,Cancelled
O001810,C0117,P005,2026-04-21,1,999,50,949.0,Completed
O001811,C0209,P007,2026-08-04,4,1799,0,7196.0,Completed
O001812,C0245,P006,2026-03-30,1,2799,300,2499.0,Returned
O001813,C0458,P013,2026-06-02,3,3499,500,9997.0,Completed
O001814,C0318,P002,2026-08-11,1,3999,0,3999.0,Completed
O001815,C0254,P003,2026-08-25,1,2999,500,2499.0,Completed
O001816,C0085,P013,2026-05-31,1,3499,300,3199.0,Completed
O001817,C0468,P015,2026-04-09,2,1199,200,2198.0,Completed
O001818,C0280,P006,2026-03-27,4,2799,300,10896.0,Completed
O001819,C0133,P001,2026-03-24,4,2499,0,9996.0,Completed
O001820,C0209,P003,2026-08-18,3,2999,100,8897.0,Completed
O001821,C0149,P009,2026-08-16,4,1499,100,5896.0,Completed
O001822,C0468,P015,2026-04-28,2,1199,100,2298.0,Completed
O001823,C0082,P002,2026-04-23,1,3999,0,3999.0,Completed
O001824,C0493,P002,2026-05-19,3,3999,200,11797.0,Completed
O001825,C0092,P005,2026-05-30,2,999,300,1698.0,Completed
O001826,C0480,P004,2026-04-26,3,5499,0,16497.0,Completed
O001827,C0491,P008,2026-03-28,1,2299,300,1999.0,Completed
O001828,C0382,P014,2026-04-03,2,5999,300,11698.0,Completed
O001829,C0191,P004,2026-08-20,2,5499,300,10698.0,Completed
O001830,C0050,P003,2026-05-14,1,2999,50,2949.0,Completed
O001831,C0236,P012,2026-07-06,3,899,200,2497.0,Completed
O001832,C0050,P013,2026-05-26,3,3499,500,9997.0,Completed
O001833,C0491,P008,2026-06-27,1,2299,0,2299.0,Completed
O001834,C0192,P014,2026-06-22,1,5999,200,5799.0,Returned
O001835,C0437,P002,2026-05-19,4,3999,150,15846.0,Cancelled
O001836,C0047,P011,2026-03-26,4,1299,500,4696.0,Returned
O001837,C0124,P012,2026-04-27,3,899,0,2697.0,Completed
O001838,C0081,P010,2026-08-01,1,1599,50,1549.0,Completed
O001839,C0352,P008,2026-08-21,1,2299,0,2299.0,Completed
O001840,C0454,P012,2026-08-27,3,899,200,2497.0,Completed
O001841,C0078,P007,2026-08-01,2,1799,50,3548.0,Returned
O001842,C0381,P013,2026-04-19,2,3499,200,6798.0,Completed
O001843,C0020,P008,2026-07-03,2,2299,150,4448.0,Completed
O001844,C0475,P014,2026-03-29,3,5999,200,17797.0,Completed
O001845,C0151,P001,2026-04-27,4,2499,0,9996.0,Completed
O001846,C0027,P009,2026-05-01,4,1499,50,5946.0,Completed
O001847,C0160,P015,2026-07-07,2,1199,0,2398.0,Cancelled
O001848,C0060,P008,2026-08-06,4,2299,300,8896.0,Completed
O001849,C0449,P010,2026-07-21,1,1599,150,1449.0,Completed
O001850,C0474,P005,2026-09-06,2,999,200,1798.0,Completed
O001851,C0494,P010,2026-07-26,1,1599,500,1099.0,Completed
O001852,C0446,P010,2026-05-17,2,1599,50,3148.0,Completed
O001853,C0419,P003,2026-04-15,2,2999,0,5998.0,Completed
O001854,C0127,P015,2026-05-18,1,1199,100,1099.0,Completed
O001855,C0375,P011,2026-07-18,3,1299,200,3697.0,Completed
O001856,C0248,P009,2026-06-13,3,1499,50,4447.0,Completed
O001857,C0331,P003,2026-08-30,1,2999,300,2699.0,Completed
O001858,C0089,P003,2026-08-31,1,2999,50,2949.0,Completed
O001859,C0408,P004,2026-06-12,2,5499,300,10698.0,Completed
O001860,C0235,P008,2026-08-29,3,2299,100,6797.0,Completed
O001861,C0281,P007,2026-07-16,4,1799,100,7096.0,Completed
O001862,C0262,P008,2026-09-05,1,2299,150,2149.0,Completed
O001863,C0483,P006,2026-05-26,3,2799,50,8347.0,Completed
O001864,C0458,P008,2026-09-09,4,2299,0,9196.0,Completed
O001865,C0390,P009,2026-06-23,3,1499,0,4497.0,Completed
O001866,C0017,P009,2026-05-19,2,1499,0,2998.0,Cancelled
O001867,C0436,P002,2026-04-23,1,3999,150,3849.0,Completed
O001868,C0142,P008,2026-07-29,4,2299,0,9196.0,Completed
O001869,C0429,P015,2026-09-12,2,1199,50,2348.0,Completed
O001870,C0009,P004,2026-08-13,3,5499,50,16447.0,Completed
O001871,C0252,P001,2026-09-15,3,2499,100,7397.0,Returned
O001872,C0254,P003,2026-04-16,3,2999,50,8947.0,Completed
O001873,C0319,P011,2026-08-07,2,1299,50,2548.0,Returned
O001874,C0302,P007,2026-04-03,2,1799,150,3448.0,Returned
O001875,C0493,P007,2026-08-02,3,1799,300,5097.0,Cancelled
O001876,C0469,P008,2026-04-25,4,2299,200,8996.0,Completed
O001877,C0139,P001,2026-08-11,1,2499,150,2349.0,Completed
O001878,C0096,P015,2026-07-05,1,1199,0,1199.0,Completed
O001879,C0235,P014,2026-06-30,2,5999,100,11898.0,Completed
O001880,C0326,P007,2026-05-24,4,1799,100,7096.0,Completed
O001881,C0041,P004,2026-07-02,3,5499,50,16447.0,Completed
O001882,C0380,P010,2026-07-13,2,1599,100,3098.0,Completed
O001883,C0125,P013,2026-09-01,3,3499,0,10497.0,Completed
O001884,C0145,P009,2026-05-20,1,1499,500,999.0,Completed
O001885,C0137,P014,2026-04-30,1,5999,500,5499.0,Completed
O001886,C0387,P015,2026-04-01,3,1199,150,3447.0,Completed
O001887,C0468,P005,2026-07-09,1,999,500,499.0,Completed
O001888,C0460,P012,2026-05-18,4,899,150,3446.0,Completed
O001889,C0049,P012,2026-09-08,3,899,100,2597.0,Completed
O001890,C0354,P007,2026-09-01,4,1799,0,7196.0,Completed
O001891,C0395,P005,2026-09-01,3,999,150,2847.0,Completed
O001892,C0202,P011,2026-04-12,3,1299,200,3697.0,Completed
O001893,C0361,P013,2026-08-18,4,3499,100,13896.0,Completed
O001894,C0295,P007,2026-07-24,3,1799,0,5397.0,Completed
O001895,C0438,P010,2026-04-01,4,1599,300,6096.0,Completed
O001896,C0294,P014,2026-04-21,1,5999,0,5999.0,Returned
O001897,C0111,P006,2026-04-01,4,2799,300,10896.0,Completed
O001898,C0404,P008,2026-07-02,4,2299,0,9196.0,Completed
O001899,C0317,P012,2026-05-16,4,899,0,3596.0,Completed
O001900,C0017,P011,2026-06-04,3,1299,0,3897.0,Completed
O001901,C0414,P001,2026-06-21,4,2499,150,9846.0,Completed
O001902,C0157,P006,2026-07-14,2,2799,150,5448.0,Completed
O001903,C0149,P008,2026-05-14,3,2299,50,6847.0,Completed
O001904,C0453,P009,2026-06-19,3,1499,300,4197.0,Completed
O001905,C0080,P014,2026-06-15,4,5999,0,23996.0,Completed
O001906,C0258,P012,2026-06-08,2,899,200,1598.0,Completed
O001907,C0370,P002,2026-08-28,4,3999,200,15796.0,Completed
O001908,C0082,P013,2026-05-28,4,3499,100,13896.0,Completed
O001909,C0236,P006,2026-06-22,3,2799,500,7897.0,Completed
O001910,C0495,P003,2026-04-19,3,2999,0,8997.0,Completed
O001911,C0145,P015,2026-07-01,3,1199,50,3547.0,Completed
O001912,C0041,P004,2026-08-22,1,5499,0,5499.0,Completed
O001913,C0332,P007,2026-06-17,3,1799,50,5347.0,Completed
O001914,C0189,P003,2026-06-05,4,2999,0,11996.0,Completed
O001915,C0046,P006,2026-04-01,2,2799,500,5098.0,Completed
O001916,C0077,P011,2026-07-26,3,1299,0,3897.0,Completed
O001917,C0352,P004,2026-07-12,2,5499,100,10898.0,Completed
O001918,C0101,P003,2026-05-23,1,2999,150,2849.0,Returned
O001919,C0450,P010,2026-07-06,4,1599,500,5896.0,Completed
O001920,C0277,P004,2026-08-01,4,5499,50,21946.0,Completed
O001921,C0316,P010,2026-09-18,4,1599,150,6246.0,Completed
O001922,C0171,P013,2026-06-24,3,3499,300,10197.0,Completed
O001923,C0483,P015,2026-08-07,2,1199,200,2198.0,Completed
O001924,C0494,P012,2026-09-17,2,899,200,1598.0,Completed
O001925,C0258,P010,2026-07-29,2,1599,0,3198.0,Completed
O001926,C0256,P006,2026-06-19,1,2799,100,2699.0,Completed
O001927,C0326,P009,2026-05-29,2,1499,500,2498.0,Completed
O001928,C0028,P008,2026-08-20,4,2299,500,8696.0,Completed
O001929,C0493,P003,2026-08-12,1,2999,500,2499.0,Completed
O001930,C0471,P006,2026-04-07,4,2799,50,11146.0,Completed
O001931,C0036,P012,2026-03-29,3,899,150,2547.0,Completed
O001932,C0237,P007,2026-05-16,2,1799,300,3298.0,Completed
O001933,C0145,P009,2026-05-20,3,1499,200,4297.0,Completed
O001934,C0460,P009,2026-08-07,4,1499,50,5946.0,Cancelled
O001935,C0290,P006,2026-06-21,1,2799,0,2799.0,Completed
O001936,C0396,P002,2026-05-02,1,3999,300,3699.0,Completed
O001937,C0115,P010,2026-03-29,2,1599,50,3148.0,Completed
O001938,C0240,P012,2026-04-13,1,899,200,699.0,Completed
O001939,C0195,P010,2026-06-27,4,1599,300,6096.0,Completed
O001940,C0069,P014,2026-04-15,3,5999,50,17947.0,Completed
O001941,C0081,P012,2026-07-27,4,899,150,3446.0,Completed
O001942,C0118,P007,2026-06-19,2,1799,100,3498.0,Cancelled
O001943,C0318,P002,2026-04-15,3,3999,500,11497.0,Completed
O001944,C0013,P015,2026-09-12,1,1199,0,1199.0,Completed
O001945,C0080,P001,2026-06-13,1,2499,0,2499.0,Completed
O001946,C0018,P013,2026-05-05,3,3499,0,10497.0,Completed
O001947,C0310,P008,2026-06-18,2,2299,100,4498.0,Completed
O001948,C0346,P015,2026-08-15,2,1199,200,2198.0,Completed
O001949,C0213,P012,2026-07-13,2,899,50,1748.0,Completed
O001950,C0025,P015,2026-06-04,1,1199,150,1049.0,Completed
O001951,C0345,P003,2026-07-27,2,2999,0,5998.0,Completed
O001952,C0077,P010,2026-09-06,3,1599,500,4297.0,Completed
O001953,C0186,P013,2026-09-09,4,3499,0,13996.0,Completed
O001954,C0154,P004,2026-05-22,3,5499,50,16447.0,Returned
O001955,C0237,P004,2026-06-21,4,5499,0,21996.0,Completed
O001956,C0482,P008,2026-09-07,1,2299,0,2299.0,Completed
O001957,C0478,P009,2026-06-02,4,1499,100,5896.0,Completed
O001958,C0219,P013,2026-08-29,2,3499,150,6848.0,Completed
O001959,C0210,P007,2026-03-28,1,1799,500,1299.0,Completed
O001960,C0149,P009,2026-06-08,4,1499,300,5696.0,Completed
O001961,C0403,P013,2026-08-04,3,3499,0,10497.0,Completed
O001962,C0083,P002,2026-09-02,3,3999,50,11947.0,Completed
O001963,C0027,P009,2026-06-07,1,1499,0,1499.0,Completed
O001964,C0162,P009,2026-07-30,1,1499,300,1199.0,Completed
O001965,C0082,P009,2026-05-15,3,1499,0,4497.0,Completed
O001966,C0493,P003,2026-04-09,2,2999,200,5798.0,Completed
O001967,C0241,P004,2026-06-27,1,5499,0,5499.0,Completed
O001968,C0350,P002,2026-05-22,3,3999,0,11997.0,Completed
O001969,C0478,P014,2026-06-29,3,5999,50,17947.0,Completed
O001970,C0175,P015,2026-04-30,4,1199,0,4796.0,Completed
O001971,C0114,P010,2026-09-12,3,1599,300,4497.0,Completed
O001972,C0453,P015,2026-09-05,3,1199,100,3497.0,Completed
O001973,C0124,P007,2026-07-05,1,1799,300,1499.0,Completed
O001974,C0441,P015,2026-05-25,2,1199,500,1898.0,Completed
O001975,C0316,P012,2026-09-16,4,899,0,3596.0,Completed
O001976,C0067,P011,2026-09-01,2,1299,0,2598.0,Completed
O001977,C0078,P015,2026-05-07,4,1199,0,4796.0,Completed
O001978,C0080,P012,2026-06-02,3,899,300,2397.0,Completed
O001979,C0127,P014,2026-04-21,3,5999,0,17997.0,Completed
O001980,C0466,P015,2026-08-11,2,1199,0,2398.0,Completed
O001981,C0091,P003,2026-07-22,1,2999,500,2499.0,Completed
O001982,C0106,P001,2026-04-12,4,2499,50,9946.0,Completed
O001983,C0419,P002,2026-08-26,2,3999,300,7698.0,Completed
O001984,C0379,P003,2026-09-07,4,2999,0,11996.0,Returned
O001985,C0392,P004,2026-04-02,2,5499,200,10798.0,Completed
O001986,C0493,P003,2026-05-05,3,2999,150,8847.0,Completed
O001987,C0091,P015,2026-06-27,1,1199,300,899.0,Completed
O001988,C0133,P009,2026-05-08,1,1499,100,1399.0,Completed
O001989,C0152,P011,2026-07-12,4,1299,0,5196.0,Completed
O001990,C0114,P010,2026-04-27,3,1599,50,4747.0,Completed
O001991,C0147,P001,2026-07-04,1,2499,0,2499.0,Completed
O001992,C0009,P010,2026-06-24,2,1599,200,2998.0,Completed
O001993,C0474,P002,2026-06-27,2,3999,0,7998.0,Completed
O001994,C0030,P014,2026-05-18,4,5999,0,23996.0,Completed
O001995,C0023,P010,2026-09-04,1,1599,0,1599.0,Completed
O001996,C0234,P015,2026-09-13,4,1199,150,4646.0,Completed
O001997,C0220,P015,2026-08-25,2,1199,500,1898.0,Completed
O001998,C0319,P008,2026-07-16,4,2299,50,9146.0,Completed
O001999,C0167,P004,2026-09-01,2,5499,150,10848.0,Completed
O002000,C0498,P007,2026-06-24,3,1799,50,5347.0,Completed
O002001,C0210,P013,2026-04-01,3,3499,50,10447.0,Completed
O002002,C0359,P015,2026-04-23,2,1199,300,2098.0,Completed
O002003,C0162,P004,2026-07-06,4,5499,300,21696.0,Completed
O002004,C0222,P008,2026-06-23,4,2299,500,8696.0,Completed
O002005,C0332,P007,2026-05-23,2,1799,100,3498.0,Completed
O002006,C0085,P010,2026-07-18,2,1599,200,2998.0,Completed
O002007,C0390,P013,2026-09-02,4,3499,200,13796.0,Completed
O002008,C0188,P003,2026-08-07,4,2999,0,11996.0,Completed
O002009,C0139,P015,2026-05-12,4,1199,0,4796.0,Completed
O002010,C0267,P015,2026-08-01,2,1199,300,2098.0,Completed
O002011,C0491,P008,2026-06-28,1,2299,100,2199.0,Completed
O002012,C0080,P005,2026-08-16,2,999,300,1698.0,Completed
O002013,C0089,P003,2026-07-19,4,2999,200,11796.0,Completed
O002014,C0379,P003,2026-08-25,4,2999,200,11796.0,Returned
O002015,C0304,P009,2026-04-07,1,1499,0,1499.0,Completed
O002016,C0003,P015,2026-04-14,1,1199,200,999.0,Completed
O002017,C0474,P006,2026-05-15,2,2799,50,5548.0,Completed
O002018,C0036,P006,2026-07-21,3,2799,500,7897.0,Completed
O002019,C0080,P005,2026-08-12,3,999,0,2997.0,Completed
O002020,C0463,P003,2026-04-21,2,2999,300,5698.0,Completed
O002021,C0308,P007,2026-09-17,2,1799,500,3098.0,Cancelled
O002022,C0351,P014,2026-09-07,2,5999,0,11998.0,Returned
O002023,C0476,P008,2026-04-25,1,2299,0,2299.0,Completed
O002024,C0234,P007,2026-03-27,4,1799,50,7146.0,Completed
O002025,C0427,P006,2026-07-14,4,2799,50,11146.0,Completed
O002026,C0237,P011,2026-04-12,3,1299,200,3697.0,Completed
O002027,C0038,P003,2026-09-11,2,2999,150,5848.0,Completed
O002028,C0073,P002,2026-06-04,2,3999,200,7798.0,Completed
O002029,C0493,P013,2026-08-23,1,3499,200,3299.0,Cancelled
O002030,C0240,P001,2026-06-23,4,2499,50,9946.0,Completed
O002031,C0085,P009,2026-07-25,3,1499,0,4497.0,Completed
O002032,C0080,P001,2026-05-28,2,2499,150,4848.0,Completed
O002033,C0210,P006,2026-09-06,1,2799,150,2649.0,Completed
O002034,C0044,P006,2026-08-28,1,2799,50,2749.0,Completed
O002035,C0279,P001,2026-05-12,3,2499,300,7197.0,Completed
O002036,C0179,P007,2026-09-16,1,1799,150,1649.0,Completed
O002037,C0173,P013,2026-06-17,4,3499,300,13696.0,Completed
O002038,C0158,P012,2026-07-25,3,899,100,2597.0,Completed
O002039,C0046,P015,2026-09-08,4,1199,0,4796.0,Completed
O002040,C0452,P009,2026-04-23,1,1499,0,1499.0,Completed
O002041,C0058,P004,2026-06-25,1,5499,50,5449.0,Completed
O002042,C0279,P013,2026-04-10,2,3499,0,6998.0,Completed
O002043,C0006,P012,2026-04-30,3,899,0,2697.0,Completed
O002044,C0499,P014,2026-09-08,4,5999,200,23796.0,Completed
O002045,C0065,P001,2026-04-11,2,2499,100,4898.0,Completed
O002046,C0366,P002,2026-09-13,1,3999,300,3699.0,Completed
O002047,C0027,P012,2026-06-12,1,899,300,599.0,Completed
O002048,C0086,P008,2026-08-23,2,2299,500,4098.0,Completed
O002049,C0231,P005,2026-05-08,1,999,500,499.0,Completed
O002050,C0044,P003,2026-04-27,2,2999,150,5848.0,Completed
O002051,C0280,P004,2026-05-09,1,5499,0,5499.0,Completed
O002052,C0149,P013,2026-07-01,2,3499,50,6948.0,Completed
O002053,C0295,P005,2026-05-16,4,999,150,3846.0,Completed
O002054,C0431,P006,2026-09-05,2,2799,0,5598.0,Completed
O002055,C0346,P005,2026-04-07,3,999,50,2947.0,Completed
O002056,C0239,P006,2026-04-11,1,2799,300,2499.0,Completed
O002057,C0473,P012,2026-09-10,4,899,0,3596.0,Completed
O002058,C0291,P013,2026-08-14,3,3499,0,10497.0,Completed
O002059,C0439,P006,2026-07-22,4,2799,200,10996.0,Completed
O002060,C0139,P013,2026-08-08,4,3499,200,13796.0,Cancelled
O002061,C0085,P004,2026-09-14,2,5499,0,10998.0,Completed
O002062,C0228,P015,2026-07-03,4,1199,200,4596.0,Completed
O002063,C0473,P008,2026-04-27,4,2299,50,9146.0,Completed
O002064,C0183,P007,2026-06-11,1,1799,50,1749.0,Completed
O002065,C0458,P011,2026-06-23,2,1299,300,2298.0,Completed
O002066,C0405,P014,2026-08-20,2,5999,50,11948.0,Returned
O002067,C0101,P002,2026-07-20,1,3999,300,3699.0,Completed
O002068,C0153,P004,2026-06-30,1,5499,500,4999.0,Completed
O002069,C0436,P014,2026-05-09,3,5999,100,17897.0,Completed
O002070,C0371,P008,2026-05-01,4,2299,300,8896.0,Completed
O002071,C0333,P001,2026-04-08,3,2499,0,7497.0,Returned
O002072,C0357,P008,2026-05-21,3,2299,50,6847.0,Completed
O002073,C0240,P013,2026-07-25,2,3499,300,6698.0,Completed
O002074,C0144,P011,2026-08-30,2,1299,200,2398.0,Completed
O002075,C0308,P007,2026-08-04,1,1799,50,1749.0,Completed
O002076,C0371,P006,2026-08-13,2,2799,200,5398.0,Cancelled
O002077,C0035,P001,2026-07-06,4,2499,200,9796.0,Completed
O002078,C0491,P006,2026-08-31,2,2799,200,5398.0,Completed
O002079,C0234,P013,2026-08-16,3,3499,200,10297.0,Completed
O002080,C0352,P004,2026-08-30,2,5499,200,10798.0,Completed
O002081,C0477,P004,2026-07-25,2,5499,100,10898.0,Completed
O002082,C0468,P001,2026-06-28,3,2499,0,7497.0,Completed
O002083,C0313,P006,2026-07-18,1,2799,500,2299.0,Completed
O002084,C0468,P012,2026-07-15,3,899,0,2697.0,Completed
O002085,C0087,P013,2026-06-23,3,3499,50,10447.0,Completed
O002086,C0030,P008,2026-08-31,2,2299,100,4498.0,Completed
O002087,C0163,P014,2026-05-30,4,5999,50,23946.0,Returned
O002088,C0236,P006,2026-08-21,2,2799,100,5498.0,Completed
O002089,C0135,P012,2026-08-03,1,899,100,799.0,Completed
O002090,C0127,P004,2026-09-17,4,5499,300,21696.0,Completed
O002091,C0005,P005,2026-04-27,3,999,100,2897.0,Completed
O002092,C0019,P011,2026-06-24,4,1299,0,5196.0,Completed
O002093,C0476,P003,2026-08-11,4,2999,300,11696.0,Completed
O002094,C0215,P013,2026-05-31,3,3499,0,10497.0,Completed
O002095,C0089,P012,2026-05-02,4,899,150,3446.0,Completed
O002096,C0149,P001,2026-06-13,1,2499,0,2499.0,Completed
O002097,C0174,P003,2026-08-09,3,2999,300,8697.0,Completed
O002098,C0210,P011,2026-05-06,3,1299,300,3597.0,Completed
O002099,C0437,P013,2026-06-12,1,3499,150,3349.0,Completed
O002100,C0277,P001,2026-07-27,1,2499,50,2449.0,Completed
O002101,C0037,P003,2026-08-02,2,2999,0,5998.0,Completed
O002102,C0361,P004,2026-06-21,1,5499,200,5299.0,Completed
O002103,C0198,P006,2026-07-02,1,2799,500,2299.0,Completed
O002104,C0252,P007,2026-08-09,4,1799,50,7146.0,Completed
O002105,C0424,P004,2026-04-20,4,5499,50,21946.0,Completed
O002106,C0456,P005,2026-04-05,2,999,100,1898.0,Completed
O002107,C0269,P001,2026-07-22,1,2499,100,2399.0,Completed
O002108,C0102,P013,2026-04-26,2,3499,50,6948.0,Completed
O002109,C0149,P007,2026-07-30,4,1799,0,7196.0,Completed
O002110,C0237,P001,2026-04-01,4,2499,0,9996.0,Completed
O002111,C0023,P004,2026-03-23,2,5499,500,10498.0,Completed
O002112,C0044,P010,2026-07-01,3,1599,50,4747.0,Completed
O002113,C0256,P001,2026-08-11,3,2499,150,7347.0,Completed
O002114,C0185,P003,2026-06-15,2,2999,150,5848.0,Completed
O002115,C0473,P005,2026-09-04,4,999,0,3996.0,Completed
O002116,C0019,P008,2026-05-08,4,2299,100,9096.0,Completed
O002117,C0185,P013,2026-05-12,1,3499,100,3399.0,Completed
O002118,C0378,P012,2026-08-20,3,899,100,2597.0,Completed
O002119,C0168,P008,2026-08-14,1,2299,100,2199.0,Completed
O002120,C0442,P005,2026-06-09,2,999,0,1998.0,Completed
O002121,C0435,P003,2026-07-27,3,2999,100,8897.0,Returned
O002122,C0185,P012,2026-06-30,3,899,500,2197.0,Completed
O002123,C0079,P015,2026-08-12,4,1199,500,4296.0,Completed
O002124,C0408,P011,2026-08-26,2,1299,0,2598.0,Completed
O002125,C0001,P014,2026-03-24,1,5999,0,5999.0,Returned
O002126,C0484,P001,2026-06-27,3,2499,500,6997.0,Completed
O002127,C0497,P003,2026-06-24,1,2999,0,2999.0,Completed
O002128,C0085,P007,2026-06-01,3,1799,0,5397.0,Completed
O002129,C0015,P005,2026-06-07,1,999,0,999.0,Completed
O002130,C0224,P015,2026-08-31,2,1199,0,2398.0,Completed
O002131,C0345,P013,2026-05-05,1,3499,500,2999.0,Completed
O002132,C0048,P012,2026-08-17,2,899,500,1298.0,Completed
O002133,C0124,P005,2026-04-07,1,999,500,499.0,Completed
O002134,C0074,P004,2026-09-11,1,5499,300,5199.0,Completed
O002135,C0024,P008,2026-07-05,4,2299,500,8696.0,Completed
O002136,C0006,P010,2026-06-01,1,1599,0,1599.0,Completed
O002137,C0367,P008,2026-03-28,2,2299,150,4448.0,Completed
O002138,C0498,P014,2026-09-14,2,5999,100,11898.0,Completed
O002139,C0001,P011,2026-08-12,1,1299,300,999.0,Returned
O002140,C0236,P013,2026-06-03,2,3499,0,6998.0,Completed
O002141,C0295,P006,2026-08-08,4,2799,500,10696.0,Completed
O002142,C0329,P015,2026-06-12,3,1199,50,3547.0,Completed
O002143,C0159,P007,2026-06-25,2,1799,300,3298.0,Completed
O002144,C0159,P013,2026-09-10,3,3499,50,10447.0,Completed
O002145,C0240,P011,2026-07-10,4,1299,200,4996.0,Completed
O002146,C0117,P015,2026-06-21,2,1199,200,2198.0,Completed
O002147,C0221,P013,2026-06-17,2,3499,0,6998.0,Completed
O002148,C0451,P011,2026-08-07,2,1299,200,2398.0,Completed
O002149,C0382,P003,2026-09-15,2,2999,100,5898.0,Completed
O002150,C0431,P007,2026-08-02,1,1799,0,1799.0,Completed
O002151,C0002,P005,2026-09-13,2,999,100,1898.0,Completed
O002152,C0152,P008,2026-06-25,1,2299,200,2099.0,Completed
O002153,C0189,P009,2026-08-16,4,1499,100,5896.0,Completed
O002154,C0196,P012,2026-09-01,1,899,100,799.0,Completed
O002155,C0077,P014,2026-07-29,2,5999,0,11998.0,Completed
O002156,C0241,P003,2026-05-22,1,2999,150,2849.0,Completed
O002157,C0141,P014,2026-05-09,2,5999,0,11998.0,Completed
O002158,C0021,P005,2026-05-08,1,999,100,899.0,Completed
O002159,C0344,P002,2026-07-15,1,3999,150,3849.0,Returned
O002160,C0206,P006,2026-09-16,4,2799,0,11196.0,Completed
O002161,C0157,P007,2026-06-07,3,1799,100,5297.0,Completed
O002162,C0292,P015,2026-09-11,4,1199,0,4796.0,Completed
O002163,C0021,P008,2026-03-29,3,2299,200,6697.0,Completed
O002164,C0234,P014,2026-07-08,4,5999,0,23996.0,Completed
O002165,C0310,P015,2026-03-28,3,1199,500,3097.0,Completed
O002166,C0498,P008,2026-05-25,1,2299,500,1799.0,Completed
O002167,C0046,P004,2026-06-27,1,5499,500,4999.0,Completed
O002168,C0112,P010,2026-06-12,4,1599,0,6396.0,Completed
O002169,C0398,P012,2026-08-26,4,899,100,3496.0,Completed
O002170,C0004,P011,2026-07-29,2,1299,0,2598.0,Completed
O002171,C0244,P003,2026-09-16,4,2999,150,11846.0,Completed
O002172,C0413,P015,2026-08-18,1,1199,150,1049.0,Completed
O002173,C0247,P008,2026-06-05,2,2299,500,4098.0,Completed
O002174,C0025,P005,2026-04-19,3,999,300,2697.0,Completed
O002175,C0500,P014,2026-07-23,1,5999,100,5899.0,Completed
O002176,C0002,P007,2026-04-02,2,1799,300,3298.0,Completed
O002177,C0104,P006,2026-07-13,4,2799,100,11096.0,Completed
O002178,C0493,P015,2026-05-03,1,1199,0,1199.0,Completed
O002179,C0380,P010,2026-07-27,1,1599,500,1099.0,Completed
O002180,C0352,P007,2026-08-31,1,1799,200,1599.0,Completed
O002181,C0201,P008,2026-07-11,1,2299,150,2149.0,Completed
O002182,C0206,P002,2026-05-28,1,3999,0,3999.0,Completed
O002183,C0332,P006,2026-07-29,4,2799,300,10896.0,Completed
O002184,C0474,P015,2026-03-28,2,1199,0,2398.0,Completed
O002185,C0277,P003,2026-09-06,2,2999,500,5498.0,Cancelled
O002186,C0176,P009,2026-04-08,3,1499,500,3997.0,Cancelled
O002187,C0329,P003,2026-08-12,4,2999,0,11996.0,Completed
O002188,C0092,P003,2026-09-17,3,2999,50,8947.0,Completed
O002189,C0175,P001,2026-08-03,1,2499,0,2499.0,Completed
O002190,C0290,P009,2026-04-26,1,1499,150,1349.0,Completed
O002191,C0113,P014,2026-05-09,4,5999,100,23896.0,Completed
O002192,C0234,P008,2026-05-05,2,2299,0,4598.0,Completed
O002193,C0318,P011,2026-09-08,1,1299,50,1249.0,Completed
O002194,C0244,P003,2026-07-31,1,2999,500,2499.0,Cancelled
O002195,C0041,P010,2026-08-29,2,1599,100,3098.0,Completed
O002196,C0439,P011,2026-05-28,3,1299,100,3797.0,Completed
O002197,C0386,P007,2026-07-01,1,1799,200,1599.0,Completed
O002198,C0337,P012,2026-07-15,3,899,300,2397.0,Completed
O002199,C0454,P004,2026-08-26,2,5499,500,10498.0,Returned
O002200,C0244,P015,2026-05-22,4,1199,50,4746.0,Completed
O002201,C0129,P008,2026-08-22,1,2299,300,1999.0,Completed
O002202,C0036,P009,2026-09-02,1,1499,50,1449.0,Completed
O002203,C0126,P007,2026-09-04,3,1799,500,4897.0,Completed
O002204,C0480,P006,2026-06-08,3,2799,200,8197.0,Completed
O002205,C0232,P009,2026-09-14,4,1499,300,5696.0,Completed
O002206,C0271,P015,2026-06-16,2,1199,500,1898.0,Completed
O002207,C0236,P006,2026-08-30,1,2799,150,2649.0,Completed
O002208,C0123,P014,2026-06-10,3,5999,100,17897.0,Completed
O002209,C0149,P015,2026-06-19,2,1199,100,2298.0,Cancelled
O002210,C0085,P014,2026-06-01,3,5999,300,17697.0,Completed
O002211,C0206,P011,2026-09-14,2,1299,50,2548.0,Completed
O002212,C0349,P011,2026-05-13,3,1299,200,3697.0,Completed
O002213,C0287,P009,2026-06-04,2,1499,0,2998.0,Completed
O002214,C0094,P010,2026-09-03,3,1599,50,4747.0,Completed
O002215,C0176,P004,2026-05-30,4,5499,500,21496.0,Returned
O002216,C0224,P009,2026-05-26,3,1499,50,4447.0,Completed
O002217,C0117,P002,2026-03-22,4,3999,300,15696.0,Completed
O002218,C0423,P015,2026-07-16,3,1199,500,3097.0,Returned
O002219,C0267,P010,2026-05-11,3,1599,300,4497.0,Completed
O002220,C0209,P011,2026-07-21,4,1299,0,5196.0,Completed
O002221,C0145,P002,2026-04-22,2,3999,50,7948.0,Completed
O002222,C0413,P001,2026-06-01,1,2499,0,2499.0,Completed
O002223,C0256,P005,2026-09-13,2,999,0,1998.0,Completed
O002224,C0025,P015,2026-04-19,1,1199,0,1199.0,Completed
O002225,C0314,P012,2026-07-10,3,899,150,2547.0,Completed
O002226,C0103,P010,2026-05-21,3,1599,200,4597.0,Completed
O002227,C0268,P010,2026-05-04,3,1599,100,4697.0,Completed
O002228,C0432,P007,2026-05-02,2,1799,0,3598.0,Completed
O002229,C0380,P010,2026-04-22,3,1599,500,4297.0,Completed
O002230,C0443,P007,2026-07-17,2,1799,100,3498.0,Completed
O002231,C0468,P003,2026-04-18,2,2999,150,5848.0,Completed
O002232,C0337,P005,2026-07-14,4,999,300,3696.0,Completed
O002233,C0055,P014,2026-07-13,1,5999,300,5699.0,Completed
O002234,C0379,P015,2026-03-27,4,1199,300,4496.0,Completed
O002235,C0123,P004,2026-08-03,4,5499,300,21696.0,Completed
O002236,C0013,P008,2026-08-24,4,2299,500,8696.0,Completed
O002237,C0071,P012,2026-05-04,1,899,300,599.0,Completed
O002238,C0095,P004,2026-07-03,3,5499,200,16297.0,Completed
O002239,C0362,P005,2026-08-22,2,999,300,1698.0,Completed
O002240,C0496,P001,2026-07-15,2,2499,0,4998.0,Completed
O002241,C0014,P007,2026-06-27,3,1799,200,5197.0,Completed
O002242,C0211,P012,2026-04-13,4,899,300,3296.0,Completed
O002243,C0160,P004,2026-05-27,3,5499,200,16297.0,Completed
O002244,C0080,P004,2026-06-27,2,5499,0,10998.0,Completed
O002245,C0390,P004,2026-04-14,1,5499,50,5449.0,Completed
O002246,C0268,P001,2026-08-03,3,2499,0,7497.0,Returned
O002247,C0222,P003,2026-07-11,3,2999,50,8947.0,Completed
O002248,C0479,P003,2026-06-09,2,2999,300,5698.0,Completed
O002249,C0036,P004,2026-08-15,1,5499,0,5499.0,Completed
O002250,C0401,P014,2026-08-09,2,5999,150,11848.0,Completed
O002251,C0206,P015,2026-03-26,2,1199,100,2298.0,Completed
O002252,C0088,P010,2026-04-16,1,1599,0,1599.0,Completed
O002253,C0400,P003,2026-08-10,1,2999,500,2499.0,Completed
O002254,C0370,P003,2026-05-23,2,2999,50,5948.0,Completed
O002255,C0149,P014,2026-07-31,2,5999,150,11848.0,Completed
O002256,C0243,P009,2026-04-25,1,1499,300,1199.0,Completed
O002257,C0231,P003,2026-08-24,2,2999,100,5898.0,Completed
O002258,C0279,P013,2026-05-23,3,3499,500,9997.0,Completed
O002259,C0359,P002,2026-09-01,2,3999,50,7948.0,Completed
O002260,C0026,P002,2026-03-22,4,3999,50,15946.0,Completed
O002261,C0253,P013,2026-08-09,4,3499,300,13696.0,Completed
O002262,C0195,P015,2026-08-24,4,1199,200,4596.0,Completed
O002263,C0438,P012,2026-08-03,4,899,150,3446.0,Returned
O002264,C0080,P009,2026-03-31,4,1499,50,5946.0,Completed
O002265,C0296,P006,2026-08-23,3,2799,0,8397.0,Completed
O002266,C0181,P007,2026-03-28,3,1799,200,5197.0,Completed
O002267,C0089,P013,2026-07-11,1,3499,100,3399.0,Completed
O002268,C0385,P003,2026-09-04,4,2999,50,11946.0,Completed
O002269,C0189,P004,2026-05-19,2,5499,0,10998.0,Completed
O002270,C0117,P008,2026-07-19,4,2299,500,8696.0,Completed
O002271,C0094,P008,2026-04-04,2,2299,300,4298.0,Completed
O002272,C0072,P015,2026-06-25,1,1199,150,1049.0,Completed
O002273,C0228,P015,2026-04-10,4,1199,300,4496.0,Completed
O002274,C0163,P014,2026-07-22,4,5999,0,23996.0,Completed
O002275,C0151,P004,2026-03-24,3,5499,50,16447.0,Cancelled
O002276,C0072,P012,2026-03-28,3,899,0,2697.0,Completed
O002277,C0318,P009,2026-07-14,3,1499,0,4497.0,Completed
O002278,C0412,P010,2026-08-28,4,1599,200,6196.0,Completed
O002279,C0173,P001,2026-07-24,1,2499,500,1999.0,Completed
O002280,C0245,P001,2026-06-26,1,2499,50,2449.0,Completed
O002281,C0361,P008,2026-04-27,3,2299,50,6847.0,Completed
O002282,C0089,P002,2026-06-30,4,3999,150,15846.0,Completed
O002283,C0027,P005,2026-05-10,1,999,50,949.0,Completed
O002284,C0087,P007,2026-08-09,2,1799,300,3298.0,Completed
O002285,C0479,P004,2026-05-02,1,5499,0,5499.0,Completed
O002286,C0119,P012,2026-05-17,4,899,0,3596.0,Completed
O002287,C0079,P015,2026-04-11,4,1199,0,4796.0,Completed
O002288,C0423,P015,2026-07-20,3,1199,200,3397.0,Returned
O002289,C0117,P010,2026-08-03,3,1599,200,4597.0,Completed
O002290,C0345,P014,2026-05-18,3,5999,100,17897.0,Completed
O002291,C0210,P008,2026-07-30,3,2299,200,6697.0,Completed
O002292,C0371,P007,2026-05-26,1,1799,150,1649.0,Completed
O002293,C0072,P009,2026-05-24,2,1499,100,2898.0,Completed
O002294,C0074,P015,2026-07-05,1,1199,200,999.0,Completed
O002295,C0201,P010,2026-04-11,3,1599,150,4647.0,Completed
O002296,C0312,P008,2026-04-05,1,2299,200,2099.0,Completed
O002297,C0425,P007,2026-07-21,2,1799,300,3298.0,Cancelled
O002298,C0151,P006,2026-05-21,1,2799,150,2649.0,Completed
O002299,C0237,P015,2026-07-03,4,1199,100,4696.0,Completed
O002300,C0109,P005,2026-06-16,2,999,50,1948.0,Completed
O002301,C0149,P010,2026-04-16,4,1599,0,6396.0,Completed
O002302,C0409,P012,2026-08-07,1,899,50,849.0,Completed
O002303,C0472,P002,2026-03-22,2,3999,0,7998.0,Completed
O002304,C0022,P003,2026-09-11,3,2999,200,8797.0,Completed
O002305,C0433,P012,2026-04-01,3,899,0,2697.0,Completed
O002306,C0145,P006,2026-08-18,1,2799,0,2799.0,Completed
O002307,C0025,P010,2026-05-04,1,1599,100,1499.0,Completed
O002308,C0431,P008,2026-08-20,1,2299,150,2149.0,Completed
O002309,C0437,P009,2026-04-26,1,1499,150,1349.0,Completed
O002310,C0300,P014,2026-09-02,3,5999,50,17947.0,Completed
O002311,C0247,P002,2026-09-14,4,3999,100,15896.0,Completed
O002312,C0188,P014,2026-09-15,3,5999,50,17947.0,Completed
O002313,C0222,P006,2026-09-05,3,2799,150,8247.0,Completed
O002314,C0193,P007,2026-09-08,2,1799,150,3448.0,Completed
O002315,C0111,P008,2026-03-31,2,2299,50,4548.0,Completed
O002316,C0291,P015,2026-04-18,1,1199,50,1149.0,Cancelled
O002317,C0066,P003,2026-06-15,1,2999,150,2849.0,Completed
O002318,C0284,P004,2026-07-04,4,5499,300,21696.0,Completed
O002319,C0326,P011,2026-07-21,3,1299,100,3797.0,Completed
O002320,C0171,P003,2026-06-18,4,2999,100,11896.0,Completed
O002321,C0021,P014,2026-05-08,3,5999,300,17697.0,Completed
O002322,C0225,P011,2026-07-15,4,1299,200,4996.0,Completed
O002323,C0149,P012,2026-08-14,4,899,200,3396.0,Completed
O002324,C0082,P001,2026-07-06,2,2499,150,4848.0,Completed
O002325,C0460,P006,2026-04-26,2,2799,0,5598.0,Completed
O002326,C0299,P008,2026-05-07,3,2299,100,6797.0,Completed
O002327,C0395,P001,2026-08-26,3,2499,200,7297.0,Completed
O002328,C0002,P002,2026-05-15,4,3999,100,15896.0,Completed
O002329,C0344,P011,2026-08-04,3,1299,300,3597.0,Cancelled
O002330,C0304,P015,2026-04-01,2,1199,300,2098.0,Completed
O002331,C0367,P010,2026-04-02,3,1599,500,4297.0,Completed
O002332,C0010,P007,2026-07-06,1,1799,500,1299.0,Completed
O002333,C0478,P015,2026-08-20,2,1199,200,2198.0,Completed
O002334,C0119,P005,2026-09-09,1,999,100,899.0,Completed
O002335,C0117,P007,2026-08-04,3,1799,0,5397.0,Completed
O002336,C0104,P014,2026-07-01,4,5999,100,23896.0,Completed
O002337,C0027,P002,2026-03-26,3,3999,300,11697.0,Completed
O002338,C0493,P012,2026-07-27,3,899,0,2697.0,Cancelled
O002339,C0100,P009,2026-05-21,3,1499,0,4497.0,Completed
O002340,C0186,P009,2026-08-08,3,1499,50,4447.0,Completed
O002341,C0008,P011,2026-06-14,4,1299,0,5196.0,Completed
O002342,C0492,P008,2026-04-24,1,2299,0,2299.0,Returned
O002343,C0377,P005,2026-09-09,2,999,150,1848.0,Completed
O002344,C0079,P015,2026-05-02,4,1199,100,4696.0,Completed
O002345,C0391,P015,2026-08-07,3,1199,150,3447.0,Completed
O002346,C0322,P002,2026-04-22,1,3999,50,3949.0,Completed
O002347,C0002,P004,2026-05-06,1,5499,150,5349.0,Completed
O002348,C0221,P006,2026-07-30,1,2799,500,2299.0,Completed
O002349,C0335,P010,2026-06-21,3,1599,0,4797.0,Completed
O002350,C0163,P003,2026-08-08,4,2999,100,11896.0,Returned
O002351,C0372,P001,2026-05-02,1,2499,0,2499.0,Completed
O002352,C0078,P009,2026-08-30,2,1499,500,2498.0,Completed
O002353,C0156,P014,2026-04-17,4,5999,300,23696.0,Completed
O002354,C0396,P013,2026-05-03,4,3499,100,13896.0,Completed
O002355,C0320,P008,2026-09-06,1,2299,100,2199.0,Returned
O002356,C0400,P008,2026-06-12,4,2299,300,8896.0,Completed
O002357,C0089,P015,2026-07-15,1,1199,0,1199.0,Completed
O002358,C0278,P006,2026-09-04,1,2799,200,2599.0,Completed
O002359,C0385,P014,2026-07-18,1,5999,200,5799.0,Completed
O002360,C0442,P002,2026-07-21,1,3999,50,3949.0,Completed
O002361,C0267,P012,2026-08-28,3,899,0,2697.0,Completed
O002362,C0403,P014,2026-06-09,3,5999,100,17897.0,Completed
O002363,C0207,P005,2026-04-05,1,999,0,999.0,Returned
O002364,C0332,P003,2026-04-30,3,2999,300,8697.0,Completed
O002365,C0445,P007,2026-04-10,1,1799,200,1599.0,Completed
O002366,C0379,P005,2026-03-28,4,999,0,3996.0,Cancelled
O002367,C0149,P003,2026-08-03,1,2999,50,2949.0,Completed
O002368,C0446,P002,2026-04-15,3,3999,0,11997.0,Cancelled
O002369,C0392,P006,2026-05-07,3,2799,0,8397.0,Completed
O002370,C0288,P013,2026-04-03,1,3499,100,3399.0,Completed
O002371,C0439,P013,2026-08-10,1,3499,150,3349.0,Completed
O002372,C0055,P015,2026-06-09,4,1199,0,4796.0,Completed
O002373,C0202,P002,2026-04-04,3,3999,150,11847.0,Completed
O002374,C0051,P010,2026-07-22,1,1599,0,1599.0,Completed
O002375,C0421,P006,2026-05-28,4,2799,0,11196.0,Completed
O002376,C0490,P009,2026-06-15,2,1499,0,2998.0,Completed
O002377,C0326,P015,2026-07-20,1,1199,0,1199.0,Completed
O002378,C0357,P003,2026-07-04,2,2999,100,5898.0,Completed
O002379,C0251,P015,2026-07-26,3,1199,100,3497.0,Completed
O002380,C0031,P007,2026-05-10,2,1799,300,3298.0,Completed
O002381,C0133,P006,2026-08-20,2,2799,300,5298.0,Completed
O002382,C0282,P005,2026-08-26,3,999,100,2897.0,Completed
O002383,C0066,P012,2026-09-03,4,899,150,3446.0,Completed
O002384,C0001,P002,2026-05-25,4,3999,100,15896.0,Completed
O002385,C0281,P003,2026-04-24,1,2999,100,2899.0,Completed
O002386,C0107,P004,2026-09-13,1,5499,0,5499.0,Completed
O002387,C0499,P004,2026-08-16,3,5499,0,16497.0,Completed
O002388,C0098,P012,2026-07-05,1,899,0,899.0,Completed
O002389,C0094,P008,2026-09-03,2,2299,50,4548.0,Completed
O002390,C0456,P006,2026-06-26,3,2799,300,8097.0,Completed
O002391,C0344,P005,2026-08-31,4,999,100,3896.0,Completed
O002392,C0186,P006,2026-07-25,2,2799,100,5498.0,Completed
O002393,C0124,P007,2026-03-22,1,1799,150,1649.0,Completed
O002394,C0078,P001,2026-08-03,1,2499,500,1999.0,Completed
O002395,C0198,P002,2026-06-02,3,3999,50,11947.0,Completed
O002396,C0207,P013,2026-08-04,1,3499,500,2999.0,Completed
O002397,C0223,P006,2026-07-15,3,2799,100,8297.0,Completed
O002398,C0454,P005,2026-05-30,4,999,300,3696.0,Completed
O002399,C0103,P008,2026-05-21,2,2299,0,4598.0,Completed
O002400,C0181,P004,2026-05-29,2,5499,0,10998.0,Completed
O002401,C0249,P005,2026-09-06,1,999,150,849.0,Completed
O002402,C0145,P012,2026-04-07,4,899,0,3596.0,Completed
O002403,C0466,P002,2026-05-25,2,3999,150,7848.0,Completed
O002404,C0388,P011,2026-08-04,2,1299,500,2098.0,Completed
O002405,C0495,P001,2026-08-14,3,2499,300,7197.0,Completed
O002406,C0236,P004,2026-06-08,2,5499,0,10998.0,Completed
O002407,C0206,P005,2026-08-29,3,999,100,2897.0,Completed
O002408,C0440,P010,2026-06-27,3,1599,0,4797.0,Completed
O002409,C0089,P015,2026-04-02,2,1199,200,2198.0,Completed
O002410,C0164,P008,2026-07-26,2,2299,200,4398.0,Completed
O002411,C0494,P009,2026-04-17,1,1499,0,1499.0,Completed
O002412,C0069,P004,2026-05-13,4,5499,0,21996.0,Completed
O002413,C0256,P012,2026-09-12,1,899,0,899.0,Cancelled
O002414,C0265,P008,2026-05-15,2,2299,100,4498.0,Completed
O002415,C0052,P001,2026-08-19,3,2499,0,7497.0,Completed
O002416,C0127,P011,2026-04-14,4,1299,100,5096.0,Completed
O002417,C0110,P010,2026-05-25,1,1599,0,1599.0,Completed
O002418,C0256,P012,2026-07-21,2,899,0,1798.0,Completed
O002419,C0260,P003,2026-05-16,1,2999,500,2499.0,Completed
O002420,C0468,P006,2026-07-28,1,2799,0,2799.0,Completed
O002421,C0483,P010,2026-07-09,3,1599,0,4797.0,Completed
O002422,C0487,P006,2026-03-28,4,2799,50,11146.0,Completed
O002423,C0316,P010,2026-05-10,1,1599,150,1449.0,Completed
O002424,C0078,P004,2026-05-11,1,5499,50,5449.0,Completed
O002425,C0089,P003,2026-04-06,3,2999,500,8497.0,Completed
O002426,C0106,P010,2026-04-21,2,1599,0,3198.0,Completed
O002427,C0371,P004,2026-09-13,3,5499,150,16347.0,Completed
O002428,C0350,P002,2026-06-26,2,3999,500,7498.0,Completed
O002429,C0176,P001,2026-04-18,2,2499,300,4698.0,Completed
O002430,C0078,P004,2026-07-06,1,5499,50,5449.0,Completed
O002431,C0106,P012,2026-08-02,2,899,150,1648.0,Completed
O002432,C0465,P011,2026-05-01,3,1299,500,3397.0,Completed
O002433,C0295,P009,2026-07-08,2,1499,500,2498.0,Completed
O002434,C0437,P013,2026-06-10,4,3499,150,13846.0,Completed
O002435,C0100,P015,2026-07-03,1,1199,100,1099.0,Completed
O002436,C0396,P009,2026-08-17,4,1499,0,5996.0,Completed
O002437,C0352,P003,2026-09-17,1,2999,100,2899.0,Completed
O002438,C0449,P002,2026-09-04,4,3999,300,15696.0,Completed
O002439,C0378,P014,2026-08-01,2,5999,0,11998.0,Completed
O002440,C0460,P004,2026-04-03,2,5499,100,10898.0,Completed
O002441,C0300,P009,2026-08-06,1,1499,100,1399.0,Completed
O002442,C0155,P009,2026-05-27,1,1499,150,1349.0,Completed
O002443,C0068,P014,2026-07-09,2,5999,0,11998.0,Completed
O002444,C0439,P004,2026-09-16,2,5499,100,10898.0,Completed
O002445,C0247,P003,2026-07-08,4,2999,0,11996.0,Completed
O002446,C0263,P002,2026-05-03,3,3999,500,11497.0,Completed
O002447,C0444,P006,2026-03-24,1,2799,0,2799.0,Completed
O002448,C0396,P011,2026-04-12,1,1299,0,1299.0,Completed
O002449,C0388,P012,2026-09-14,1,899,0,899.0,Completed
O002450,C0493,P013,2026-08-06,1,3499,500,2999.0,Completed
O002451,C0029,P013,2026-06-20,1,3499,50,3449.0,Completed
O002452,C0337,P002,2026-05-27,3,3999,150,11847.0,Completed
O002453,C0262,P014,2026-06-03,2,5999,500,11498.0,Completed
O002454,C0477,P013,2026-05-05,1,3499,50,3449.0,Completed
O002455,C0129,P009,2026-06-27,1,1499,200,1299.0,Completed
O002456,C0244,P007,2026-04-02,4,1799,0,7196.0,Completed
O002457,C0002,P011,2026-06-26,3,1299,100,3797.0,Completed
O002458,C0157,P002,2026-08-04,3,3999,150,11847.0,Completed
O002459,C0178,P010,2026-07-05,1,1599,100,1499.0,Completed
O002460,C0121,P009,2026-06-24,2,1499,200,2798.0,Completed
O002461,C0173,P005,2026-04-01,2,999,300,1698.0,Completed
O002462,C0025,P011,2026-07-04,4,1299,0,5196.0,Completed
O002463,C0198,P010,2026-03-26,4,1599,200,6196.0,Completed
O002464,C0398,P011,2026-04-07,2,1299,50,2548.0,Completed
O002465,C0414,P001,2026-05-25,1,2499,300,2199.0,Completed
O002466,C0065,P015,2026-08-29,1,1199,150,1049.0,Completed
O002467,C0497,P014,2026-07-27,2,5999,500,11498.0,Completed
O002468,C0115,P009,2026-05-09,2,1499,300,2698.0,Completed
O002469,C0035,P007,2026-04-30,3,1799,100,5297.0,Completed
O002470,C0069,P012,2026-05-04,4,899,150,3446.0,Completed
O002471,C0326,P011,2026-06-06,3,1299,300,3597.0,Completed
O002472,C0113,P015,2026-06-24,4,1199,50,4746.0,Completed
O002473,C0443,P009,2026-04-17,4,1499,100,5896.0,Completed
O002474,C0398,P005,2026-04-01,1,999,500,499.0,Completed
O002475,C0133,P011,2026-06-20,4,1299,50,5146.0,Returned
O002476,C0176,P013,2026-05-08,3,3499,0,10497.0,Completed
O002477,C0106,P012,2026-08-08,3,899,200,2497.0,Completed
O002478,C0133,P004,2026-07-20,1,5499,0,5499.0,Completed
O002479,C0198,P013,2026-07-31,3,3499,150,10347.0,Completed
O002480,C0425,P009,2026-04-18,1,1499,100,1399.0,Completed
O002481,C0269,P012,2026-06-14,2,899,150,1648.0,Completed
O002482,C0068,P008,2026-03-31,1,2299,200,2099.0,Completed
O002483,C0322,P001,2026-05-13,3,2499,100,7397.0,Completed
O002484,C0096,P013,2026-08-03,3,3499,100,10397.0,Completed
O002485,C0146,P015,2026-05-17,1,1199,300,899.0,Completed
O002486,C0419,P002,2026-08-22,1,3999,0,3999.0,Completed
O002487,C0228,P012,2026-08-24,1,899,0,899.0,Cancelled
O002488,C0111,P010,2026-07-26,1,1599,100,1499.0,Completed
O002489,C0195,P011,2026-04-01,3,1299,100,3797.0,Completed
O002490,C0448,P001,2026-08-25,1,2499,0,2499.0,Completed
O002491,C0241,P013,2026-04-15,3,3499,300,10197.0,Completed
O002492,C0243,P014,2026-03-24,4,5999,0,23996.0,Completed
O002493,C0096,P014,2026-08-19,1,5999,0,5999.0,Completed
O002494,C0398,P007,2026-08-21,1,1799,50,1749.0,Completed
O002495,C0006,P004,2026-07-20,4,5499,200,21796.0,Completed
O002496,C0241,P005,2026-07-06,3,999,0,2997.0,Completed
O002497,C0464,P010,2026-06-24,2,1599,300,2898.0,Completed
O002498,C0157,P003,2026-06-09,1,2999,0,2999.0,Completed
O002499,C0420,P002,2026-08-07,3,3999,0,11997.0,Completed
O002500,C0108,P007,2026-03-28,4,1799,200,6996.0,Completed
O002501,C0387,P007,2026-05-01,2,1799,50,3548.0,Returned
O002502,C0300,P010,2026-05-22,2,1599,0,3198.0,Completed
O002503,C0152,P006,2026-04-14,4,2799,0,11196.0,Completed
O002504,C0023,P012,2026-08-02,3,899,50,2647.0,Completed
O002505,C0490,P012,2026-08-30,1,899,200,699.0,Completed
O002506,C0406,P006,2026-07-01,2,2799,500,5098.0,Completed
O002507,C0499,P013,2026-04-20,1,3499,0,3499.0,Completed
O002508,C0208,P013,2026-05-10,1,3499,0,3499.0,Completed
O002509,C0029,P009,2026-06-29,2,1499,200,2798.0,Completed
O002510,C0301,P002,2026-04-30,1,3999,300,3699.0,Completed
O002511,C0041,P006,2026-05-05,2,2799,0,5598.0,Completed
O002512,C0117,P015,2026-04-04,3,1199,200,3397.0,Completed
O002513,C0244,P009,2026-08-15,2,1499,300,2698.0,Completed
O002514,C0315,P014,2026-08-12,4,5999,300,23696.0,Completed
O002515,C0070,P010,2026-06-04,2,1599,150,3048.0,Completed
O002516,C0025,P002,2026-08-10,2,3999,150,7848.0,Completed
O002517,C0252,P008,2026-06-06,2,2299,200,4398.0,Completed
O002518,C0453,P011,2026-04-02,2,1299,300,2298.0,Completed
O002519,C0326,P006,2026-04-17,1,2799,0,2799.0,Completed
O002520,C0221,P012,2026-07-29,1,899,0,899.0,Completed
O002521,C0276,P010,2026-06-03,1,1599,150,1449.0,Completed
O002522,C0487,P001,2026-08-18,4,2499,150,9846.0,Completed
O002523,C0194,P013,2026-09-06,4,3499,300,13696.0,Completed
O002524,C0267,P011,2026-08-02,4,1299,0,5196.0,Completed
O002525,C0256,P013,2026-09-01,3,3499,300,10197.0,Returned
O002526,C0115,P003,2026-06-05,3,2999,0,8997.0,Completed
O002527,C0242,P015,2026-05-05,3,1199,100,3497.0,Completed
O002528,C0058,P003,2026-04-27,2,2999,150,5848.0,Completed
O002529,C0210,P007,2026-08-28,1,1799,300,1499.0,Completed
O002530,C0269,P008,2026-09-01,2,2299,300,4298.0,Completed
O002531,C0390,P007,2026-05-05,1,1799,500,1299.0,Completed
O002532,C0145,P009,2026-06-13,2,1499,100,2898.0,Completed
O002533,C0298,P015,2026-08-02,3,1199,100,3497.0,Completed
O002534,C0473,P009,2026-03-22,1,1499,150,1349.0,Completed
O002535,C0495,P007,2026-09-15,1,1799,50,1749.0,Completed
O002536,C0210,P006,2026-07-03,1,2799,50,2749.0,Completed
O002537,C0166,P009,2026-09-07,2,1499,300,2698.0,Completed
O002538,C0400,P009,2026-06-18,4,1499,300,5696.0,Completed
O002539,C0041,P015,2026-08-12,2,1199,0,2398.0,Completed
O002540,C0207,P002,2026-08-04,2,3999,100,7898.0,Completed
O002541,C0153,P015,2026-05-10,1,1199,150,1049.0,Completed
O002542,C0191,P009,2026-08-19,2,1499,100,2898.0,Completed
O002543,C0145,P014,2026-03-29,3,5999,0,17997.0,Completed
O002544,C0079,P008,2026-03-23,2,2299,0,4598.0,Completed
O002545,C0245,P007,2026-04-07,4,1799,300,6896.0,Cancelled
O002546,C0062,P014,2026-04-10,4,5999,100,23896.0,Completed
O002547,C0087,P014,2026-04-03,3,5999,0,17997.0,Returned
O002548,C0176,P009,2026-04-11,1,1499,150,1349.0,Completed
O002549,C0300,P002,2026-07-16,3,3999,0,11997.0,Completed
O002550,C0081,P014,2026-09-02,2,5999,500,11498.0,Completed
O002551,C0070,P001,2026-09-01,3,2499,100,7397.0,Completed
O002552,C0009,P015,2026-07-13,4,1199,500,4296.0,Completed
O002553,C0188,P003,2026-04-26,1,2999,500,2499.0,Completed
O002554,C0390,P014,2026-08-21,4,5999,50,23946.0,Completed
O002555,C0012,P009,2026-08-29,1,1499,500,999.0,Completed
O002556,C0483,P007,2026-08-13,1,1799,50,1749.0,Completed
O002557,C0298,P002,2026-07-01,3,3999,0,11997.0,Returned
O002558,C0340,P009,2026-05-10,3,1499,0,4497.0,Completed
O002559,C0223,P004,2026-06-10,1,5499,50,5449.0,Completed
O002560,C0484,P003,2026-07-02,2,2999,200,5798.0,Completed
O002561,C0262,P015,2026-03-24,1,1199,500,699.0,Completed
O002562,C0473,P015,2026-04-11,2,1199,0,2398.0,Completed
O002563,C0001,P007,2026-07-08,1,1799,100,1699.0,Completed
O002564,C0245,P011,2026-07-19,3,1299,50,3847.0,Completed
O002565,C0279,P006,2026-05-09,4,2799,0,11196.0,Completed
O002566,C0041,P015,2026-05-28,3,1199,150,3447.0,Completed
O002567,C0373,P003,2026-04-27,3,2999,0,8997.0,Completed
O002568,C0134,P009,2026-07-10,1,1499,0,1499.0,Completed
O002569,C0028,P004,2026-09-12,4,5499,100,21896.0,Completed
O002570,C0056,P007,2026-04-27,4,1799,0,7196.0,Completed
O002571,C0380,P013,2026-05-08,4,3499,50,13946.0,Completed
O002572,C0437,P003,2026-08-19,1,2999,500,2499.0,Completed
O002573,C0082,P002,2026-08-01,2,3999,150,7848.0,Returned
O002574,C0202,P003,2026-09-13,3,2999,500,8497.0,Completed
O002575,C0108,P013,2026-08-07,4,3499,100,13896.0,Completed
O002576,C0062,P014,2026-07-04,2,5999,200,11798.0,Completed
O002577,C0106,P010,2026-07-26,4,1599,0,6396.0,Completed
O002578,C0292,P009,2026-09-12,4,1499,300,5696.0,Completed
O002579,C0065,P008,2026-07-03,4,2299,0,9196.0,Completed
O002580,C0241,P004,2026-03-25,4,5499,50,21946.0,Completed
O002581,C0001,P007,2026-09-06,2,1799,0,3598.0,Completed
O002582,C0082,P004,2026-09-10,3,5499,200,16297.0,Completed
O002583,C0188,P011,2026-06-15,3,1299,0,3897.0,Completed
O002584,C0218,P015,2026-07-03,1,1199,150,1049.0,Completed
O002585,C0377,P002,2026-08-15,2,3999,0,7998.0,Completed
O002586,C0277,P007,2026-08-11,4,1799,0,7196.0,Completed
O002587,C0396,P011,2026-07-10,3,1299,100,3797.0,Completed
O002588,C0260,P005,2026-04-23,1,999,50,949.0,Completed
O002589,C0024,P014,2026-08-23,3,5999,0,17997.0,Completed
O002590,C0106,P011,2026-07-29,4,1299,150,5046.0,Returned
O002591,C0326,P003,2026-08-25,3,2999,200,8797.0,Completed
O002592,C0318,P002,2026-06-18,1,3999,150,3849.0,Completed
O002593,C0262,P009,2026-09-15,4,1499,0,5996.0,Completed
O002594,C0050,P006,2026-08-08,2,2799,100,5498.0,Completed
O002595,C0188,P008,2026-03-28,2,2299,50,4548.0,Returned
O002596,C0221,P005,2026-08-26,4,999,0,3996.0,Completed
O002597,C0316,P011,2026-08-25,4,1299,500,4696.0,Completed
O002598,C0181,P009,2026-07-29,2,1499,300,2698.0,Completed
O002599,C0443,P003,2026-08-01,2,2999,200,5798.0,Completed
O002600,C0239,P012,2026-09-12,1,899,200,699.0,Completed
O002601,C0191,P011,2026-06-24,2,1299,100,2498.0,Completed
O002602,C0121,P015,2026-06-29,1,1199,200,999.0,Completed
O002603,C0309,P006,2026-03-29,4,2799,0,11196.0,Completed
O002604,C0080,P005,2026-06-25,2,999,200,1798.0,Completed
O002605,C0082,P015,2026-08-20,4,1199,500,4296.0,Completed
O002606,C0069,P006,2026-09-01,3,2799,50,8347.0,Completed
O002607,C0493,P003,2026-05-17,3,2999,300,8697.0,Completed
O002608,C0087,P009,2026-07-03,1,1499,200,1299.0,Completed
O002609,C0044,P011,2026-08-05,3,1299,50,3847.0,Completed
O002610,C0370,P015,2026-06-17,4,1199,50,4746.0,Completed
O002611,C0500,P010,2026-08-19,2,1599,300,2898.0,Completed
O002612,C0352,P004,2026-04-17,3,5499,200,16297.0,Completed
O002613,C0490,P009,2026-06-24,1,1499,300,1199.0,Completed
O002614,C0493,P011,2026-06-28,4,1299,150,5046.0,Returned
O002615,C0270,P006,2026-07-24,1,2799,200,2599.0,Completed
O002616,C0129,P014,2026-03-23,3,5999,100,17897.0,Completed
O002617,C0317,P010,2026-04-19,1,1599,0,1599.0,Completed
O002618,C0296,P008,2026-05-11,2,2299,0,4598.0,Completed
O002619,C0356,P006,2026-03-31,2,2799,150,5448.0,Completed
O002620,C0171,P004,2026-04-13,4,5499,150,21846.0,Completed
O002621,C0223,P002,2026-05-12,3,3999,200,11797.0,Completed
O002622,C0374,P003,2026-07-07,3,2999,100,8897.0,Completed
O002623,C0444,P009,2026-07-09,1,1499,100,1399.0,Completed
O002624,C0147,P001,2026-04-29,1,2499,150,2349.0,Completed
O002625,C0326,P013,2026-04-13,1,3499,150,3349.0,Completed
O002626,C0163,P003,2026-08-26,4,2999,300,11696.0,Completed
O002627,C0065,P012,2026-08-23,4,899,0,3596.0,Completed
O002628,C0067,P013,2026-05-30,4,3499,0,13996.0,Completed
O002629,C0109,P014,2026-05-02,3,5999,300,17697.0,Completed
O002630,C0487,P006,2026-04-05,4,2799,300,10896.0,Returned
O002631,C0454,P013,2026-08-06,4,3499,500,13496.0,Completed
O002632,C0137,P014,2026-07-26,2,5999,50,11948.0,Completed
O002633,C0244,P006,2026-08-19,3,2799,200,8197.0,Completed
O002634,C0171,P013,2026-05-06,3,3499,150,10347.0,Completed
O002635,C0142,P010,2026-09-15,1,1599,0,1599.0,Completed
O002636,C0151,P001,2026-04-01,2,2499,0,4998.0,Completed
O002637,C0413,P005,2026-08-19,3,999,100,2897.0,Completed
O002638,C0108,P002,2026-09-02,2,3999,50,7948.0,Completed
O002639,C0464,P014,2026-06-11,1,5999,200,5799.0,Completed
O002640,C0002,P006,2026-03-30,3,2799,500,7897.0,Completed
O002641,C0318,P011,2026-09-12,4,1299,50,5146.0,Completed
O002642,C0142,P005,2026-08-19,4,999,300,3696.0,Completed
O002643,C0364,P008,2026-09-14,2,2299,500,4098.0,Cancelled
O002644,C0104,P007,2026-06-04,4,1799,500,6696.0,Completed
O002645,C0073,P012,2026-06-23,1,899,50,849.0,Completed
O002646,C0379,P012,2026-06-03,2,899,200,1598.0,Completed
O002647,C0495,P002,2026-08-08,2,3999,50,7948.0,Completed
O002648,C0057,P012,2026-04-07,2,899,100,1698.0,Completed
O002649,C0300,P003,2026-08-28,1,2999,150,2849.0,Completed
O002650,C0177,P012,2026-08-02,1,899,0,899.0,Completed
O002651,C0118,P008,2026-08-10,2,2299,100,4498.0,Completed
O002652,C0017,P009,2026-07-03,2,1499,500,2498.0,Completed
O002653,C0049,P011,2026-05-07,4,1299,50,5146.0,Completed
O002654,C0235,P008,2026-06-22,3,2299,150,6747.0,Completed
O002655,C0119,P008,2026-04-30,2,2299,300,4298.0,Completed
O002656,C0491,P001,2026-08-27,3,2499,50,7447.0,Completed
O002657,C0427,P013,2026-09-06,4,3499,300,13696.0,Completed
O002658,C0375,P002,2026-08-09,4,3999,0,15996.0,Completed
O002659,C0366,P008,2026-05-05,1,2299,500,1799.0,Completed
O002660,C0349,P004,2026-05-16,2,5499,500,10498.0,Completed
O002661,C0328,P010,2026-06-13,2,1599,0,3198.0,Completed
O002662,C0077,P010,2026-05-04,2,1599,300,2898.0,Returned
O002663,C0377,P007,2026-09-01,3,1799,0,5397.0,Completed
O002664,C0268,P009,2026-05-03,2,1499,100,2898.0,Completed
O002665,C0171,P012,2026-06-11,2,899,100,1698.0,Completed
O002666,C0144,P005,2026-07-25,4,999,0,3996.0,Completed
O002667,C0225,P012,2026-05-02,4,899,100,3496.0,Completed
O002668,C0130,P004,2026-05-27,1,5499,200,5299.0,Completed
O002669,C0281,P013,2026-05-07,4,3499,0,13996.0,Completed
O002670,C0299,P014,2026-05-08,4,5999,0,23996.0,Completed
O002671,C0213,P002,2026-06-14,2,3999,0,7998.0,Completed
O002672,C0474,P010,2026-04-19,4,1599,500,5896.0,Completed
O002673,C0357,P015,2026-08-17,3,1199,50,3547.0,Returned
O002674,C0492,P015,2026-04-29,2,1199,50,2348.0,Completed
O002675,C0341,P013,2026-06-23,1,3499,50,3449.0,Completed
O002676,C0405,P012,2026-05-05,1,899,100,799.0,Completed
O002677,C0027,P005,2026-08-01,4,999,500,3496.0,Completed
O002678,C0453,P010,2026-09-13,4,1599,200,6196.0,Completed
O002679,C0380,P012,2026-05-08,3,899,200,2497.0,Completed
O002680,C0256,P007,2026-05-12,1,1799,0,1799.0,Completed
O002681,C0140,P004,2026-08-15,4,5499,0,21996.0,Completed
O002682,C0279,P006,2026-04-08,1,2799,500,2299.0,Completed
O002683,C0458,P003,2026-03-27,2,2999,0,5998.0,Completed
O002684,C0325,P010,2026-09-07,2,1599,200,2998.0,Completed
O002685,C0141,P004,2026-09-05,4,5499,150,21846.0,Completed
O002686,C0245,P004,2026-03-23,1,5499,100,5399.0,Completed
O002687,C0232,P002,2026-04-14,2,3999,500,7498.0,Completed
O002688,C0062,P003,2026-08-31,4,2999,0,11996.0,Completed
O002689,C0073,P002,2026-04-21,2,3999,50,7948.0,Completed
O002690,C0483,P012,2026-07-19,4,899,300,3296.0,Completed
O002691,C0069,P001,2026-04-20,1,2499,0,2499.0,Completed
O002692,C0193,P002,2026-04-01,2,3999,50,7948.0,Completed
O002693,C0370,P001,2026-06-17,4,2499,50,9946.0,Completed
O002694,C0483,P009,2026-05-11,4,1499,100,5896.0,Completed
O002695,C0384,P012,2026-06-05,2,899,0,1798.0,Completed
O002696,C0210,P007,2026-08-06,3,1799,100,5297.0,Completed
O002697,C0082,P008,2026-04-29,3,2299,0,6897.0,Completed
O002698,C0127,P003,2026-06-02,1,2999,0,2999.0,Completed
O002699,C0269,P011,2026-06-16,4,1299,50,5146.0,Completed
O002700,C0281,P011,2026-04-29,3,1299,50,3847.0,Completed
O002701,C0176,P003,2026-09-17,1,2999,100,2899.0,Completed
O002702,C0500,P006,2026-09-05,4,2799,0,11196.0,Completed
O002703,C0484,P004,2026-09-15,3,5499,50,16447.0,Completed
O002704,C0431,P001,2026-07-16,1,2499,100,2399.0,Completed
O002705,C0125,P004,2026-08-09,4,5499,200,21796.0,Completed
O002706,C0173,P007,2026-05-15,3,1799,50,5347.0,Completed
O002707,C0117,P002,2026-04-27,2,3999,0,7998.0,Cancelled
O002708,C0484,P001,2026-06-22,4,2499,0,9996.0,Completed
O002709,C0235,P004,2026-04-06,4,5499,150,21846.0,Completed
O002710,C0309,P001,2026-07-10,4,2499,0,9996.0,Completed
O002711,C0294,P001,2026-04-24,4,2499,100,9896.0,Completed
O002712,C0127,P009,2026-06-11,1,1499,200,1299.0,Completed
O002713,C0454,P003,2026-09-17,1,2999,100,2899.0,Completed
O002714,C0127,P001,2026-04-22,2,2499,0,4998.0,Completed
O002715,C0171,P015,2026-08-13,4,1199,500,4296.0,Completed
O002716,C0324,P008,2026-06-08,3,2299,300,6597.0,Completed
O002717,C0175,P008,2026-06-02,3,2299,200,6697.0,Completed
O002718,C0080,P004,2026-04-18,3,5499,500,15997.0,Completed
O002719,C0422,P005,2026-03-22,4,999,300,3696.0,Completed
O002720,C0268,P001,2026-03-31,1,2499,0,2499.0,Completed
O002721,C0419,P015,2026-04-16,4,1199,100,4696.0,Completed
O002722,C0125,P013,2026-05-02,1,3499,500,2999.0,Completed
O002723,C0026,P009,2026-09-09,1,1499,0,1499.0,Completed
O002724,C0058,P003,2026-06-17,1,2999,0,2999.0,Completed
O002725,C0225,P002,2026-07-04,2,3999,0,7998.0,Completed
O002726,C0114,P001,2026-06-15,4,2499,100,9896.0,Completed
O002727,C0027,P014,2026-08-04,3,5999,200,17797.0,Returned
O002728,C0237,P005,2026-05-05,2,999,300,1698.0,Completed
O002729,C0089,P001,2026-05-07,1,2499,300,2199.0,Completed
O002730,C0451,P009,2026-07-09,3,1499,500,3997.0,Completed
O002731,C0295,P005,2026-05-13,4,999,0,3996.0,Completed
O002732,C0002,P006,2026-08-24,2,2799,100,5498.0,Completed
O002733,C0431,P013,2026-07-11,4,3499,150,13846.0,Completed
O002734,C0211,P014,2026-06-20,2,5999,0,11998.0,Completed
O002735,C0252,P004,2026-03-26,2,5499,500,10498.0,Completed
O002736,C0119,P007,2026-04-16,4,1799,300,6896.0,Completed
O002737,C0150,P011,2026-04-20,1,1299,0,1299.0,Completed
O002738,C0292,P008,2026-05-25,4,2299,0,9196.0,Completed
O002739,C0385,P011,2026-08-08,3,1299,100,3797.0,Completed
O002740,C0267,P002,2026-06-10,3,3999,0,11997.0,Completed
O002741,C0357,P002,2026-04-01,3,3999,50,11947.0,Completed
O002742,C0301,P009,2026-09-03,1,1499,150,1349.0,Completed
O002743,C0430,P008,2026-09-01,4,2299,500,8696.0,Completed
O002744,C0036,P004,2026-09-13,4,5499,500,21496.0,Completed
O002745,C0198,P007,2026-07-05,3,1799,0,5397.0,Completed
O002746,C0494,P002,2026-07-24,2,3999,100,7898.0,Completed
O002747,C0027,P008,2026-05-24,4,2299,150,9046.0,Completed
O002748,C0080,P013,2026-05-07,3,3499,300,10197.0,Completed
O002749,C0350,P009,2026-08-25,3,1499,0,4497.0,Completed
O002750,C0008,P002,2026-07-10,3,3999,50,11947.0,Completed
O002751,C0494,P011,2026-05-15,2,1299,0,2598.0,Completed
O002752,C0247,P008,2026-04-13,2,2299,0,4598.0,Completed
O002753,C0439,P003,2026-04-15,1,2999,150,2849.0,Completed
O002754,C0474,P015,2026-06-24,1,1199,100,1099.0,Completed
O002755,C0385,P010,2026-04-19,4,1599,50,6346.0,Completed
O002756,C0215,P001,2026-04-09,3,2499,0,7497.0,Cancelled
O002757,C0484,P007,2026-08-05,3,1799,150,5247.0,Completed
O002758,C0389,P002,2026-08-02,4,3999,200,15796.0,Completed
O002759,C0484,P004,2026-07-12,4,5499,200,21796.0,Returned
O002760,C0259,P003,2026-05-27,1,2999,0,2999.0,Completed
O002761,C0201,P008,2026-09-08,3,2299,500,6397.0,Completed
O002762,C0441,P003,2026-08-13,2,2999,300,5698.0,Completed
O002763,C0295,P007,2026-05-01,1,1799,0,1799.0,Completed
O002764,C0242,P011,2026-08-22,3,1299,50,3847.0,Completed
O002765,C0270,P015,2026-06-30,2,1199,500,1898.0,Completed
O002766,C0337,P015,2026-05-29,4,1199,0,4796.0,Completed
O002767,C0163,P004,2026-04-13,1,5499,150,5349.0,Completed
O002768,C0206,P002,2026-04-02,3,3999,300,11697.0,Completed
O002769,C0267,P011,2026-07-24,2,1299,50,2548.0,Completed
O002770,C0469,P013,2026-06-26,2,3499,200,6798.0,Completed
O002771,C0398,P015,2026-05-07,4,1199,300,4496.0,Completed
O002772,C0027,P015,2026-08-25,4,1199,150,4646.0,Completed
O002773,C0263,P004,2026-03-28,3,5499,300,16197.0,Completed
O002774,C0245,P005,2026-07-13,2,999,0,1998.0,Completed
O002775,C0271,P006,2026-04-27,1,2799,300,2499.0,Completed
O002776,C0486,P006,2026-05-31,2,2799,300,5298.0,Completed
O002777,C0066,P001,2026-08-05,2,2499,150,4848.0,Completed
O002778,C0352,P009,2026-07-11,2,1499,0,2998.0,Completed
O002779,C0117,P007,2026-08-03,4,1799,50,7146.0,Completed
O002780,C0281,P002,2026-08-28,4,3999,0,15996.0,Completed
O002781,C0049,P005,2026-04-19,1,999,100,899.0,Completed
O002782,C0387,P012,2026-09-07,2,899,200,1598.0,Completed
O002783,C0296,P011,2026-07-04,2,1299,100,2498.0,Completed
O002784,C0099,P008,2026-06-17,4,2299,0,9196.0,Completed
O002785,C0115,P001,2026-08-11,3,2499,200,7297.0,Completed
O002786,C0192,P006,2026-06-22,1,2799,50,2749.0,Completed
O002787,C0127,P013,2026-04-28,3,3499,500,9997.0,Completed
O002788,C0307,P002,2026-09-04,4,3999,200,15796.0,Completed
O002789,C0087,P012,2026-03-29,3,899,150,2547.0,Completed
O002790,C0198,P007,2026-07-23,1,1799,500,1299.0,Completed
O002791,C0484,P012,2026-09-17,1,899,50,849.0,Completed
O002792,C0258,P010,2026-07-02,1,1599,0,1599.0,Completed
O002793,C0267,P003,2026-04-11,1,2999,150,2849.0,Completed
O002794,C0198,P009,2026-06-13,1,1499,100,1399.0,Completed
O002795,C0480,P007,2026-08-08,4,1799,150,7046.0,Completed
O002796,C0332,P009,2026-09-16,2,1499,300,2698.0,Completed
O002797,C0213,P005,2026-09-14,4,999,150,3846.0,Completed
O002798,C0050,P006,2026-06-10,3,2799,150,8247.0,Completed
O002799,C0027,P002,2026-08-22,1,3999,50,3949.0,Completed
O002800,C0030,P014,2026-05-24,4,5999,200,23796.0,Completed
O002801,C0181,P015,2026-04-20,1,1199,200,999.0,Completed
O002802,C0043,P007,2026-08-21,1,1799,100,1699.0,Completed
O002803,C0395,P009,2026-07-07,4,1499,100,5896.0,Completed
O002804,C0198,P012,2026-07-31,2,899,0,1798.0,Completed
O002805,C0149,P006,2026-07-24,1,2799,300,2499.0,Completed
O002806,C0017,P010,2026-06-06,3,1599,50,4747.0,Completed
O002807,C0285,P005,2026-06-05,2,999,0,1998.0,Completed
O002808,C0176,P011,2026-07-10,3,1299,300,3597.0,Completed
O002809,C0027,P006,2026-05-02,4,2799,150,11046.0,Completed
O002810,C0405,P015,2026-07-08,3,1199,200,3397.0,Completed
O002811,C0237,P013,2026-08-06,4,3499,200,13796.0,Completed
O002812,C0278,P008,2026-05-17,3,2299,200,6697.0,Completed
O002813,C0244,P013,2026-04-24,1,3499,300,3199.0,Completed
O002814,C0400,P006,2026-06-27,3,2799,300,8097.0,Completed
O002815,C0448,P011,2026-06-16,2,1299,300,2298.0,Completed
O002816,C0028,P002,2026-08-23,4,3999,200,15796.0,Completed
O002817,C0106,P015,2026-09-15,1,1199,0,1199.0,Returned
O002818,C0207,P003,2026-05-05,2,2999,0,5998.0,Completed
O002819,C0082,P013,2026-07-22,4,3499,300,13696.0,Completed
O002820,C0234,P005,2026-06-10,4,999,50,3946.0,Completed
O002821,C0188,P001,2026-05-06,1,2499,0,2499.0,Completed
O002822,C0055,P002,2026-08-05,3,3999,150,11847.0,Completed
O002823,C0323,P007,2026-08-06,1,1799,0,1799.0,Completed
O002824,C0234,P010,2026-07-26,4,1599,500,5896.0,Cancelled
O002825,C0067,P004,2026-08-16,1,5499,50,5449.0,Completed
O002826,C0491,P006,2026-05-30,4,2799,0,11196.0,Completed
O002827,C0366,P007,2026-09-01,3,1799,50,5347.0,Completed
O002828,C0041,P003,2026-04-04,1,2999,50,2949.0,Completed
O002829,C0116,P004,2026-05-19,4,5499,200,21796.0,Completed
O002830,C0352,P010,2026-07-18,4,1599,0,6396.0,Completed
O002831,C0429,P011,2026-05-28,2,1299,200,2398.0,Returned
O002832,C0080,P005,2026-09-09,2,999,0,1998.0,Completed
O002833,C0385,P004,2026-06-22,3,5499,150,16347.0,Completed
O002834,C0493,P005,2026-09-11,1,999,0,999.0,Returned
O002835,C0117,P005,2026-09-04,3,999,150,2847.0,Completed
O002836,C0380,P003,2026-04-19,2,2999,0,5998.0,Completed
O002837,C0087,P003,2026-08-06,4,2999,150,11846.0,Completed
O002838,C0378,P012,2026-07-15,4,899,0,3596.0,Completed
O002839,C0396,P007,2026-09-08,2,1799,100,3498.0,Completed
O002840,C0324,P011,2026-05-04,2,1299,500,2098.0,Completed
O002841,C0454,P014,2026-04-09,4,5999,50,23946.0,Completed
O002842,C0163,P012,2026-04-08,1,899,0,899.0,Completed
O002843,C0184,P004,2026-06-14,1,5499,150,5349.0,Completed
O002844,C0087,P001,2026-06-13,4,2499,100,9896.0,Completed
O002845,C0244,P014,2026-08-28,2,5999,150,11848.0,Completed
O002846,C0150,P014,2026-03-25,2,5999,150,11848.0,Completed
O002847,C0482,P014,2026-07-01,1,5999,0,5999.0,Completed
O002848,C0244,P005,2026-06-18,1,999,300,699.0,Cancelled
O002849,C0127,P005,2026-05-27,3,999,200,2797.0,Completed
O002850,C0028,P014,2026-09-14,2,5999,200,11798.0,Completed
O002851,C0299,P010,2026-09-18,2,1599,500,2698.0,Completed
O002852,C0058,P001,2026-09-02,3,2499,100,7397.0,Completed
O002853,C0072,P009,2026-08-06,4,1499,150,5846.0,Completed
O002854,C0418,P010,2026-09-14,4,1599,50,6346.0,Completed
O002855,C0142,P006,2026-07-22,4,2799,50,11146.0,Completed
O002856,C0439,P008,2026-06-26,2,2299,150,4448.0,Completed
O002857,C0422,P002,2026-05-05,4,3999,150,15846.0,Completed
O002858,C0474,P004,2026-05-02,2,5499,500,10498.0,Completed
O002859,C0111,P010,2026-04-19,1,1599,50,1549.0,Cancelled
O002860,C0330,P009,2026-06-30,4,1499,0,5996.0,Completed
O002861,C0078,P015,2026-08-01,2,1199,50,2348.0,Completed
O002862,C0483,P001,2026-04-28,2,2499,50,4948.0,Completed
O002863,C0427,P002,2026-05-19,1,3999,50,3949.0,Completed
O002864,C0001,P001,2026-07-18,1,2499,300,2199.0,Completed
O002865,C0062,P001,2026-06-28,1,2499,500,1999.0,Completed
O002866,C0264,P002,2026-06-25,3,3999,100,11897.0,Completed
O002867,C0050,P005,2026-08-10,1,999,100,899.0,Completed
O002868,C0148,P011,2026-08-19,2,1299,0,2598.0,Completed
O002869,C0027,P013,2026-07-07,4,3499,150,13846.0,Completed
O002870,C0392,P014,2026-06-10,2,5999,100,11898.0,Completed
O002871,C0454,P010,2026-03-30,3,1599,0,4797.0,Completed
O002872,C0377,P013,2026-07-03,1,3499,500,2999.0,Completed
O002873,C0002,P006,2026-08-19,3,2799,200,8197.0,Completed
O002874,C0437,P002,2026-09-14,3,3999,0,11997.0,Completed
O002875,C0210,P015,2026-05-29,4,1199,300,4496.0,Completed
O002876,C0006,P015,2026-06-06,4,1199,200,4596.0,Completed
O002877,C0358,P002,2026-03-22,2,3999,150,7848.0,Completed
O002878,C0260,P006,2026-08-26,1,2799,300,2499.0,Completed
O002879,C0479,P010,2026-04-01,3,1599,500,4297.0,Completed
O002880,C0008,P006,2026-07-07,2,2799,300,5298.0,Completed
O002881,C0134,P009,2026-08-05,2,1499,300,2698.0,Completed
O002882,C0276,P010,2026-06-29,4,1599,50,6346.0,Completed
O002883,C0402,P001,2026-08-11,2,2499,300,4698.0,Completed
O002884,C0473,P011,2026-08-04,1,1299,500,799.0,Cancelled
O002885,C0330,P011,2026-06-23,4,1299,0,5196.0,Completed
O002886,C0416,P010,2026-06-22,4,1599,50,6346.0,Completed
O002887,C0043,P010,2026-03-27,4,1599,300,6096.0,Completed
O002888,C0110,P003,2026-04-24,1,2999,0,2999.0,Completed
O002889,C0354,P013,2026-08-30,3,3499,500,9997.0,Completed
O002890,C0270,P014,2026-03-25,2,5999,300,11698.0,Completed
O002891,C0044,P009,2026-04-26,1,1499,200,1299.0,Returned
O002892,C0400,P008,2026-07-30,3,2299,200,6697.0,Completed
O002893,C0494,P002,2026-07-16,4,3999,500,15496.0,Completed
O002894,C0050,P011,2026-06-05,2,1299,500,2098.0,Completed
O002895,C0082,P013,2026-08-07,1,3499,0,3499.0,Completed
O002896,C0437,P011,2026-04-14,2,1299,150,2448.0,Completed
O002897,C0295,P007,2026-05-29,2,1799,300,3298.0,Completed
O002898,C0069,P010,2026-07-31,4,1599,200,6196.0,Completed
O002899,C0220,P001,2026-05-29,3,2499,200,7297.0,Completed
O002900,C0057,P014,2026-06-25,3,5999,150,17847.0,Completed
O002901,C0437,P001,2026-07-29,3,2499,300,7197.0,Completed
O002902,C0443,P010,2026-06-23,2,1599,50,3148.0,Completed
O002903,C0001,P012,2026-04-07,1,899,0,899.0,Completed
O002904,C0102,P015,2026-05-31,3,1199,300,3297.0,Returned
O002905,C0224,P003,2026-06-01,2,2999,50,5948.0,Completed
O002906,C0232,P003,2026-06-01,2,2999,200,5798.0,Completed
O002907,C0049,P008,2026-09-14,2,2299,50,4548.0,Completed
O002908,C0222,P004,2026-07-07,1,5499,50,5449.0,Completed
O002909,C0491,P015,2026-07-23,3,1199,0,3597.0,Completed
O002910,C0403,P006,2026-04-20,1,2799,0,2799.0,Completed
O002911,C0001,P010,2026-04-18,2,1599,500,2698.0,Cancelled
O002912,C0329,P002,2026-07-09,3,3999,50,11947.0,Completed
O002913,C0462,P001,2026-07-12,3,2499,100,7397.0,Completed
O002914,C0277,P003,2026-03-30,2,2999,0,5998.0,Completed
O002915,C0421,P007,2026-03-23,3,1799,0,5397.0,Returned
O002916,C0117,P015,2026-08-12,1,1199,150,1049.0,Completed
O002917,C0352,P005,2026-08-14,2,999,50,1948.0,Completed
O002918,C0198,P010,2026-06-18,2,1599,300,2898.0,Completed
O002919,C0117,P005,2026-07-05,4,999,0,3996.0,Completed
O002920,C0049,P010,2026-05-12,2,1599,500,2698.0,Completed
O002921,C0422,P009,2026-04-09,1,1499,100,1399.0,Completed
O002922,C0151,P001,2026-08-12,2,2499,200,4798.0,Completed
O002923,C0194,P004,2026-07-19,2,5499,0,10998.0,Completed
O002924,C0099,P015,2026-05-26,3,1199,500,3097.0,Completed
O002925,C0464,P014,2026-04-29,2,5999,200,11798.0,Completed
O002926,C0031,P007,2026-03-31,3,1799,300,5097.0,Completed
O002927,C0219,P004,2026-06-06,2,5499,150,10848.0,Returned
O002928,C0244,P004,2026-06-11,3,5499,50,16447.0,Completed
O002929,C0181,P015,2026-04-26,3,1199,300,3297.0,Completed
O002930,C0150,P006,2026-07-13,1,2799,500,2299.0,Completed
O002931,C0356,P001,2026-07-14,4,2499,200,9796.0,Completed
O002932,C0162,P002,2026-05-01,3,3999,300,11697.0,Completed
O002933,C0082,P012,2026-08-07,1,899,0,899.0,Returned
O002934,C0474,P013,2026-04-01,3,3499,0,10497.0,Completed
O002935,C0352,P005,2026-05-20,1,999,0,999.0,Completed
O002936,C0046,P002,2026-04-15,4,3999,300,15696.0,Completed
O002937,C0349,P001,2026-06-05,2,2499,200,4798.0,Completed
O002938,C0215,P011,2026-09-13,4,1299,0,5196.0,Completed
O002939,C0080,P011,2026-08-27,1,1299,300,999.0,Completed
O002940,C0108,P006,2026-09-12,3,2799,0,8397.0,Completed
O002941,C0001,P015,2026-05-07,1,1199,50,1149.0,Completed
O002942,C0145,P013,2026-03-24,3,3499,0,10497.0,Completed
O002943,C0200,P013,2026-06-11,1,3499,0,3499.0,Completed
O002944,C0101,P014,2026-09-05,2,5999,200,11798.0,Completed
O002945,C0291,P005,2026-03-30,4,999,200,3796.0,Completed
O002946,C0026,P014,2026-07-13,4,5999,0,23996.0,Completed
O002947,C0443,P003,2026-06-20,4,2999,0,11996.0,Completed
O002948,C0293,P011,2026-05-20,3,1299,0,3897.0,Completed
O002949,C0435,P002,2026-06-30,1,3999,0,3999.0,Completed
O002950,C0343,P010,2026-03-25,2,1599,150,3048.0,Completed
O002951,C0473,P010,2026-06-01,1,1599,0,1599.0,Completed
O002952,C0488,P001,2026-04-02,2,2499,300,4698.0,Completed
O002953,C0352,P013,2026-04-09,3,3499,0,10497.0,Completed
O002954,C0316,P010,2026-09-05,1,1599,100,1499.0,Completed
O002955,C0306,P010,2026-06-18,2,1599,200,2998.0,Completed
O002956,C0113,P015,2026-04-28,3,1199,200,3397.0,Completed
O002957,C0185,P002,2026-07-04,1,3999,0,3999.0,Returned
O002958,C0277,P010,2026-07-01,1,1599,0,1599.0,Completed
O002959,C0491,P015,2026-08-08,1,1199,0,1199.0,Completed
O002960,C0212,P008,2026-09-16,3,2299,0,6897.0,Completed
O002961,C0234,P009,2026-05-16,3,1499,50,4447.0,Completed
O002962,C0277,P014,2026-08-17,3,5999,150,17847.0,Completed
O002963,C0176,P014,2026-03-22,2,5999,0,11998.0,Completed
O002964,C0224,P007,2026-06-13,2,1799,200,3398.0,Completed
O002965,C0079,P011,2026-04-09,3,1299,0,3897.0,Completed
O002966,C0179,P006,2026-06-30,3,2799,50,8347.0,Completed
O002967,C0057,P008,2026-08-18,3,2299,50,6847.0,Completed
O002968,C0082,P011,2026-05-17,2,1299,100,2498.0,Completed
O002969,C0448,P002,2026-03-30,1,3999,0,3999.0,Completed
O002970,C0326,P015,2026-06-21,4,1199,0,4796.0,Completed
O002971,C0319,P013,2026-05-23,4,3499,150,13846.0,Completed
O002972,C0467,P015,2026-06-28,1,1199,0,1199.0,Completed
O002973,C0102,P013,2026-06-02,2,3499,0,6998.0,Completed
O002974,C0152,P015,2026-08-13,4,1199,200,4596.0,Completed
O002975,C0262,P008,2026-04-13,3,2299,50,6847.0,Completed
O002976,C0378,P010,2026-05-03,4,1599,150,6246.0,Completed
O002977,C0107,P014,2026-09-09,2,5999,300,11698.0,Completed
O002978,C0082,P013,2026-07-17,1,3499,50,3449.0,Completed
O002979,C0249,P003,2026-07-18,1,2999,150,2849.0,Cancelled
O002980,C0468,P001,2026-07-13,2,2499,0,4998.0,Completed
O002981,C0413,P006,2026-08-09,2,2799,100,5498.0,Completed
O002982,C0083,P007,2026-09-03,2,1799,0,3598.0,Completed
O002983,C0372,P011,2026-06-20,2,1299,0,2598.0,Completed
O002984,C0252,P013,2026-03-23,1,3499,500,2999.0,Completed
O002985,C0276,P002,2026-04-19,4,3999,0,15996.0,Completed
O002986,C0098,P009,2026-08-09,3,1499,200,4297.0,Completed
O002987,C0375,P010,2026-09-14,3,1599,500,4297.0,Cancelled
O002988,C0080,P012,2026-08-11,1,899,300,599.0,Completed
O002989,C0358,P001,2026-07-22,3,2499,100,7397.0,Completed
O002990,C0420,P012,2026-08-09,2,899,0,1798.0,Cancelled
O002991,C0301,P003,2026-07-30,4,2999,50,11946.0,Completed
O002992,C0497,P015,2026-09-06,3,1199,0,3597.0,Completed
O002993,C0245,P003,2026-05-02,2,2999,500,5498.0,Completed
O002994,C0081,P009,2026-08-06,2,1499,150,2848.0,Completed
O002995,C0484,P014,2026-09-07,2,5999,50,11948.0,Returned
O002996,C0031,P005,2026-06-01,1,999,150,849.0,Completed
O002997,C0127,P011,2026-08-03,2,1299,50,2548.0,Completed
O002998,C0036,P007,2026-09-17,3,1799,100,5297.0,Completed
O002999,C0066,P012,2026-03-31,1,899,50,849.0,Completed
O003000,C0027,P005,2026-04-24,2,999,100,1898.0,Completed
O003001,C0212,P008,2026-09-16,3,2299,50,6847.0,Completed
O003002,C0113,P006,2026-04-24,2,2799,0,5598.0,Completed
O003003,C0200,P006,2026-05-25,1,2799,300,2499.0,Completed
O003004,C0002,P011,2026-08-21,1,1299,200,1099.0,Completed
O003005,C0434,P008,2026-06-21,4,2299,500,8696.0,Completed
O003006,C0290,P002,2026-04-09,2,3999,50,7948.0,Completed
O003007,C0327,P003,2026-09-12,1,2999,300,2699.0,Completed
O003008,C0348,P012,2026-06-06,1,899,500,399.0,Completed
O003009,C0301,P001,2026-04-21,2,2499,100,4898.0,Returned
O003010,C0019,P005,2026-04-08,2,999,150,1848.0,Completed
O003011,C0188,P003,2026-05-12,2,2999,0,5998.0,Returned
O003012,C0202,P008,2026-06-23,1,2299,0,2299.0,Completed
O003013,C0466,P006,2026-07-17,4,2799,300,10896.0,Returned
O003014,C0461,P015,2026-05-20,1,1199,300,899.0,Completed
O003015,C0484,P003,2026-06-22,1,2999,300,2699.0,Completed
O003016,C0141,P010,2026-06-06,3,1599,150,4647.0,Completed
O003017,C0214,P007,2026-09-13,4,1799,100,7096.0,Completed
O003018,C0395,P004,2026-06-18,2,5499,300,10698.0,Completed
O003019,C0326,P010,2026-07-16,4,1599,50,6346.0,Completed
O003020,C0444,P003,2026-07-11,4,2999,50,11946.0,Completed
O003021,C0063,P002,2026-05-26,3,3999,50,11947.0,Completed
O003022,C0198,P011,2026-09-05,2,1299,200,2398.0,Completed
O003023,C0148,P005,2026-09-11,2,999,0,1998.0,Completed
O003024,C0245,P011,2026-08-21,1,1299,500,799.0,Returned
O003025,C0307,P002,2026-09-01,4,3999,50,15946.0,Completed
O003026,C0145,P015,2026-05-28,1,1199,300,899.0,Completed
O003027,C0270,P006,2026-06-02,2,2799,50,5548.0,Returned
O003028,C0494,P003,2026-06-23,3,2999,0,8997.0,Completed
O003029,C0106,P004,2026-03-30,3,5499,100,16397.0,Completed
O003030,C0111,P002,2026-09-09,1,3999,200,3799.0,Completed
O003031,C0195,P001,2026-06-24,3,2499,150,7347.0,Completed
O003032,C0398,P012,2026-07-27,4,899,150,3446.0,Completed
O003033,C0223,P007,2026-05-12,3,1799,200,5197.0,Completed
O003034,C0111,P007,2026-05-30,3,1799,500,4897.0,Completed
O003035,C0484,P012,2026-07-10,4,899,0,3596.0,Completed
O003036,C0127,P003,2026-06-17,1,2999,50,2949.0,Completed
O003037,C0015,P009,2026-08-27,1,1499,200,1299.0,Completed
O003038,C0142,P009,2026-05-08,1,1499,200,1299.0,Completed
O003039,C0295,P003,2026-08-16,3,2999,200,8797.0,Completed
O003040,C0140,P014,2026-04-19,4,5999,50,23946.0,Completed
O003041,C0111,P001,2026-04-25,4,2499,150,9846.0,Completed
O003042,C0398,P012,2026-05-07,1,899,150,749.0,Completed
O003043,C0486,P014,2026-09-08,3,5999,0,17997.0,Returned
O003044,C0326,P009,2026-05-01,2,1499,100,2898.0,Returned
O003045,C0427,P002,2026-06-09,3,3999,200,11797.0,Completed
O003046,C0421,P001,2026-05-17,4,2499,300,9696.0,Completed
O003047,C0224,P004,2026-03-29,1,5499,0,5499.0,Completed
O003048,C0348,P012,2026-08-04,1,899,500,399.0,Completed
O003049,C0480,P003,2026-04-11,2,2999,0,5998.0,Completed
O003050,C0265,P008,2026-06-11,1,2299,150,2149.0,Completed
O003051,C0171,P014,2026-07-10,3,5999,50,17947.0,Completed
O003052,C0244,P013,2026-05-29,4,3499,150,13846.0,Completed
O003053,C0326,P015,2026-04-19,4,1199,0,4796.0,Completed
O003054,C0325,P003,2026-06-17,1,2999,300,2699.0,Completed
O003055,C0429,P003,2026-07-18,2,2999,500,5498.0,Completed
O003056,C0281,P007,2026-07-04,4,1799,200,6996.0,Completed
O003057,C0231,P001,2026-04-06,1,2499,150,2349.0,Completed
O003058,C0027,P015,2026-07-12,3,1199,50,3547.0,Returned
O003059,C0034,P001,2026-09-04,3,2499,200,7297.0,Completed
O003060,C0027,P001,2026-07-23,1,2499,50,2449.0,Completed
O003061,C0081,P012,2026-06-09,2,899,0,1798.0,Completed
O003062,C0225,P011,2026-07-08,2,1299,0,2598.0,Completed
O003063,C0139,P004,2026-07-01,1,5499,100,5399.0,Completed
O003064,C0316,P012,2026-05-03,1,899,500,399.0,Completed
O003065,C0089,P002,2026-08-28,2,3999,300,7698.0,Completed
O003066,C0359,P003,2026-03-28,4,2999,50,11946.0,Completed
O003067,C0082,P010,2026-06-18,4,1599,100,6296.0,Completed
O003068,C0176,P010,2026-05-21,3,1599,100,4697.0,Completed
O003069,C0073,P011,2026-09-17,4,1299,100,5096.0,Completed
O003070,C0469,P009,2026-06-03,2,1499,0,2998.0,Completed
O003071,C0234,P012,2026-05-18,2,899,200,1598.0,Completed
O003072,C0206,P007,2026-03-30,1,1799,200,1599.0,Completed
O003073,C0050,P015,2026-04-02,1,1199,500,699.0,Completed
O003074,C0186,P010,2026-07-29,4,1599,0,6396.0,Completed
O003075,C0436,P014,2026-03-31,2,5999,300,11698.0,Completed
O003076,C0237,P002,2026-04-16,2,3999,300,7698.0,Completed
O003077,C0443,P014,2026-09-18,2,5999,50,11948.0,Completed
O003078,C0451,P008,2026-08-05,4,2299,150,9046.0,Completed
O003079,C0398,P007,2026-06-13,4,1799,100,7096.0,Completed
O003080,C0118,P003,2026-05-16,2,2999,100,5898.0,Cancelled
O003081,C0074,P003,2026-08-31,2,2999,0,5998.0,Completed
O003082,C0301,P005,2026-06-18,3,999,50,2947.0,Completed
O003083,C0337,P014,2026-05-06,2,5999,50,11948.0,Completed
O003084,C0163,P007,2026-05-07,1,1799,300,1499.0,Completed
O003085,C0307,P006,2026-09-05,2,2799,200,5398.0,Completed
O003086,C0186,P004,2026-04-08,4,5499,100,21896.0,Completed
O003087,C0062,P009,2026-07-01,1,1499,150,1349.0,Completed
O003088,C0237,P005,2026-03-23,1,999,100,899.0,Completed
O003089,C0146,P004,2026-09-05,3,5499,0,16497.0,Completed
O003090,C0073,P001,2026-06-28,1,2499,100,2399.0,Completed
O003091,C0331,P001,2026-05-19,3,2499,300,7197.0,Completed
O003092,C0369,P008,2026-04-07,3,2299,300,6597.0,Completed
O003093,C0125,P013,2026-06-22,4,3499,0,13996.0,Completed
O003094,C0277,P002,2026-06-24,2,3999,0,7998.0,Completed
O003095,C0369,P005,2026-08-13,1,999,0,999.0,Completed
O003096,C0338,P006,2026-05-30,3,2799,300,8097.0,Completed
O003097,C0486,P011,2026-08-20,1,1299,300,999.0,Cancelled
O003098,C0295,P006,2026-06-21,4,2799,500,10696.0,Completed
O003099,C0031,P008,2026-03-26,1,2299,50,2249.0,Completed
O003100,C0210,P003,2026-08-28,1,2999,0,2999.0,Completed
O003101,C0241,P002,2026-04-29,2,3999,0,7998.0,Completed
O003102,C0490,P004,2026-08-27,2,5499,300,10698.0,Completed
O003103,C0254,P010,2026-03-31,4,1599,300,6096.0,Completed
O003104,C0251,P008,2026-05-03,2,2299,0,4598.0,Completed
O003105,C0468,P008,2026-08-23,2,2299,0,4598.0,Cancelled
O003106,C0082,P003,2026-09-10,4,2999,300,11696.0,Completed
O003107,C0224,P006,2026-06-20,4,2799,300,10896.0,Completed
O003108,C0320,P015,2026-05-12,2,1199,150,2248.0,Completed
O003109,C0050,P011,2026-06-09,4,1299,200,4996.0,Completed
O003110,C0493,P009,2026-05-20,3,1499,50,4447.0,Completed
O003111,C0027,P003,2026-06-20,1,2999,0,2999.0,Completed
O003112,C0396,P006,2026-05-30,4,2799,300,10896.0,Cancelled
O003113,C0273,P011,2026-07-22,4,1299,150,5046.0,Completed
O003114,C0027,P001,2026-08-12,2,2499,300,4698.0,Completed
O003115,C0142,P005,2026-07-02,4,999,500,3496.0,Completed
O003116,C0219,P010,2026-04-13,4,1599,150,6246.0,Completed
O003117,C0091,P007,2026-09-14,3,1799,300,5097.0,Cancelled
O003118,C0117,P014,2026-03-27,3,5999,0,17997.0,Completed
O003119,C0162,P006,2026-05-11,2,2799,500,5098.0,Completed
O003120,C0379,P007,2026-08-26,3,1799,300,5097.0,Completed
O003121,C0227,P008,2026-08-31,1,2299,0,2299.0,Completed
O003122,C0166,P003,2026-06-12,4,2999,100,11896.0,Completed
O003123,C0352,P006,2026-05-06,4,2799,0,11196.0,Completed
O003124,C0059,P003,2026-07-05,2,2999,500,5498.0,Completed
O003125,C0208,P005,2026-06-10,2,999,0,1998.0,Completed
O003126,C0479,P009,2026-06-19,3,1499,300,4197.0,Completed
O003127,C0198,P011,2026-06-06,4,1299,100,5096.0,Cancelled
O003128,C0387,P005,2026-06-08,3,999,100,2897.0,Completed
O003129,C0403,P002,2026-07-01,3,3999,0,11997.0,Completed
O003130,C0299,P010,2026-09-18,2,1599,100,3098.0,Returned
O003131,C0117,P005,2026-05-18,4,999,150,3846.0,Completed
O003132,C0122,P015,2026-03-26,4,1199,150,4646.0,Completed
O003133,C0341,P014,2026-05-18,2,5999,50,11948.0,Completed
O003134,C0149,P009,2026-08-23,4,1499,50,5946.0,Completed
O003135,C0370,P015,2026-04-16,2,1199,150,2248.0,Completed
O003136,C0057,P001,2026-04-06,4,2499,50,9946.0,Completed
O003137,C0062,P014,2026-07-22,4,5999,0,23996.0,Completed
O003138,C0473,P014,2026-06-03,3,5999,100,17897.0,Completed
O003139,C0401,P007,2026-07-20,3,1799,200,5197.0,Completed
O003140,C0067,P014,2026-05-23,2,5999,0,11998.0,Completed
O003141,C0140,P005,2026-06-27,4,999,150,3846.0,Completed
O003142,C0072,P012,2026-03-29,2,899,0,1798.0,Completed
O003143,C0378,P014,2026-04-25,3,5999,0,17997.0,Completed
O003144,C0093,P012,2026-06-30,4,899,200,3396.0,Completed
O003145,C0253,P012,2026-06-14,4,899,100,3496.0,Completed
O003146,C0317,P011,2026-08-11,4,1299,0,5196.0,Returned
O003147,C0419,P002,2026-05-27,2,3999,0,7998.0,Completed
O003148,C0267,P005,2026-09-16,2,999,150,1848.0,Completed
O003149,C0185,P004,2026-05-18,1,5499,0,5499.0,Returned
O003150,C0267,P006,2026-06-05,1,2799,100,2699.0,Completed
O003151,C0085,P014,2026-09-09,4,5999,50,23946.0,Completed
O003152,C0023,P014,2026-06-09,2,5999,100,11898.0,Completed
O003153,C0082,P005,2026-09-05,4,999,100,3896.0,Completed
O003154,C0139,P004,2026-07-29,4,5499,300,21696.0,Completed
O003155,C0340,P013,2026-03-30,4,3499,0,13996.0,Completed
O003156,C0474,P011,2026-08-14,3,1299,50,3847.0,Completed
O003157,C0181,P013,2026-09-05,1,3499,50,3449.0,Completed
O003158,C0331,P008,2026-04-07,4,2299,150,9046.0,Completed
O003159,C0083,P001,2026-06-11,3,2499,100,7397.0,Completed
O003160,C0106,P009,2026-05-02,3,1499,0,4497.0,Completed
O003161,C0270,P010,2026-06-30,3,1599,300,4497.0,Completed
O003162,C0220,P013,2026-05-11,3,3499,50,10447.0,Completed
O003163,C0249,P003,2026-04-25,2,2999,0,5998.0,Completed
O003164,C0150,P007,2026-05-13,1,1799,100,1699.0,Completed
O003165,C0106,P001,2026-05-25,2,2499,100,4898.0,Completed
O003166,C0214,P002,2026-07-16,1,3999,300,3699.0,Completed
O003167,C0426,P001,2026-04-27,4,2499,300,9696.0,Completed
O003168,C0302,P010,2026-05-24,3,1599,200,4597.0,Completed
O003169,C0029,P003,2026-05-14,3,2999,200,8797.0,Completed
O003170,C0491,P015,2026-08-17,2,1199,100,2298.0,Completed
O003171,C0117,P014,2026-05-21,4,5999,50,23946.0,Completed
O003172,C0123,P012,2026-04-23,2,899,0,1798.0,Completed
O003173,C0224,P002,2026-07-16,1,3999,0,3999.0,Completed
O003174,C0494,P003,2026-04-04,2,2999,150,5848.0,Completed
O003175,C0030,P008,2026-09-07,4,2299,150,9046.0,Completed
O003176,C0225,P012,2026-09-02,1,899,500,399.0,Completed
O003177,C0241,P006,2026-04-18,3,2799,300,8097.0,Completed
O003178,C0436,P010,2026-04-03,2,1599,150,3048.0,Completed
O003179,C0324,P009,2026-04-30,2,1499,500,2498.0,Completed
O003180,C0231,P011,2026-07-29,2,1299,200,2398.0,Completed
O003181,C0035,P003,2026-08-22,2,2999,200,5798.0,Completed
O003182,C0494,P010,2026-06-30,3,1599,300,4497.0,Completed
O003183,C0127,P012,2026-05-24,3,899,50,2647.0,Completed
O003184,C0316,P004,2026-05-08,4,5499,0,21996.0,Completed
O003185,C0047,P002,2026-08-04,1,3999,0,3999.0,Completed
O003186,C0245,P001,2026-09-14,2,2499,200,4798.0,Completed
O003187,C0420,P015,2026-07-16,1,1199,0,1199.0,Completed
O003188,C0453,P014,2026-09-15,4,5999,150,23846.0,Completed
O003189,C0318,P015,2026-06-20,2,1199,50,2348.0,Completed
O003190,C0309,P010,2026-05-06,3,1599,200,4597.0,Completed
O003191,C0378,P015,2026-04-17,1,1199,500,699.0,Completed
O003192,C0069,P015,2026-05-26,4,1199,300,4496.0,Completed
O003193,C0269,P008,2026-03-27,2,2299,50,4548.0,Completed
O003194,C0130,P003,2026-06-26,2,2999,0,5998.0,Completed
O003195,C0343,P006,2026-05-10,3,2799,300,8097.0,Completed
O003196,C0380,P012,2026-05-12,1,899,100,799.0,Cancelled
O003197,C0134,P005,2026-06-08,4,999,0,3996.0,Completed
O003198,C0247,P008,2026-05-30,3,2299,0,6897.0,Completed
O003199,C0418,P003,2026-08-26,1,2999,200,2799.0,Completed
O003200,C0392,P009,2026-08-25,3,1499,0,4497.0,Completed
O003201,C0145,P004,2026-05-26,4,5499,500,21496.0,Completed
O003202,C0474,P003,2026-08-31,4,2999,300,11696.0,Completed
O003203,C0078,P015,2026-05-20,3,1199,300,3297.0,Completed
O003204,C0222,P015,2026-06-11,4,1199,500,4296.0,Completed
O003205,C0078,P015,2026-03-26,3,1199,50,3547.0,Completed
O003206,C0466,P007,2026-04-27,3,1799,0,5397.0,Completed
O003207,C0068,P001,2026-04-29,3,2499,50,7447.0,Completed
O003208,C0062,P002,2026-05-16,3,3999,300,11697.0,Completed
O003209,C0295,P006,2026-05-20,3,2799,300,8097.0,Completed
O003210,C0225,P011,2026-05-05,2,1299,300,2298.0,Completed
O003211,C0370,P005,2026-07-10,2,999,0,1998.0,Completed
O003212,C0152,P011,2026-09-03,3,1299,0,3897.0,Completed
O003213,C0156,P002,2026-04-18,2,3999,100,7898.0,Completed
O003214,C0258,P013,2026-05-30,1,3499,0,3499.0,Completed
O003215,C0446,P014,2026-04-07,2,5999,50,11948.0,Completed
O003216,C0047,P003,2026-05-05,2,2999,0,5998.0,Completed
O003217,C0175,P012,2026-06-25,3,899,0,2697.0,Completed
O003218,C0457,P007,2026-07-02,4,1799,500,6696.0,Completed
O003219,C0003,P002,2026-05-28,1,3999,200,3799.0,Completed
O003220,C0030,P007,2026-04-25,3,1799,150,5247.0,Completed
O003221,C0339,P001,2026-05-06,1,2499,300,2199.0,Completed
O003222,C0244,P015,2026-09-01,4,1199,500,4296.0,Completed
O003223,C0113,P014,2026-06-29,3,5999,200,17797.0,Completed
O003224,C0127,P014,2026-04-21,4,5999,150,23846.0,Completed
O003225,C0371,P003,2026-09-06,2,2999,150,5848.0,Completed
O003226,C0303,P003,2026-05-06,4,2999,50,11946.0,Completed
O003227,C0082,P001,2026-04-02,3,2499,0,7497.0,Completed
O003228,C0303,P005,2026-06-02,2,999,0,1998.0,Completed
O003229,C0488,P009,2026-07-20,1,1499,0,1499.0,Completed
O003230,C0217,P003,2026-08-16,4,2999,150,11846.0,Completed
O003231,C0051,P011,2026-04-19,2,1299,100,2498.0,Completed
O003232,C0012,P001,2026-07-08,2,2499,300,4698.0,Completed
O003233,C0378,P012,2026-04-06,2,899,0,1798.0,Completed
O003234,C0488,P004,2026-05-10,2,5499,200,10798.0,Completed
O003235,C0083,P014,2026-06-12,1,5999,0,5999.0,Completed
O003236,C0149,P013,2026-05-23,2,3499,150,6848.0,Completed
O003237,C0473,P004,2026-08-10,1,5499,200,5299.0,Completed
O003238,C0483,P007,2026-04-06,2,1799,0,3598.0,Completed
O003239,C0255,P012,2026-07-17,4,899,50,3546.0,Completed
O003240,C0486,P004,2026-08-11,2,5499,50,10948.0,Cancelled
O003241,C0094,P015,2026-05-15,4,1199,100,4696.0,Completed
O003242,C0196,P015,2026-08-31,1,1199,200,999.0,Completed
O003243,C0318,P009,2026-07-01,4,1499,50,5946.0,Completed
O003244,C0115,P007,2026-03-22,3,1799,0,5397.0,Cancelled
O003245,C0084,P003,2026-05-18,2,2999,100,5898.0,Completed
O003246,C0074,P002,2026-05-08,2,3999,200,7798.0,Completed
O003247,C0296,P012,2026-06-13,1,899,500,399.0,Completed
O003248,C0390,P012,2026-07-23,1,899,300,599.0,Completed
O003249,C0051,P011,2026-08-30,1,1299,300,999.0,Completed
O003250,C0433,P010,2026-08-31,2,1599,0,3198.0,Completed
O003251,C0258,P009,2026-05-24,1,1499,150,1349.0,Completed
O003252,C0310,P003,2026-07-04,4,2999,500,11496.0,Completed
O003253,C0480,P009,2026-08-20,1,1499,200,1299.0,Completed
O003254,C0448,P009,2026-06-19,2,1499,150,2848.0,Completed
O003255,C0081,P012,2026-09-17,1,899,50,849.0,Completed
O003256,C0173,P012,2026-05-04,4,899,300,3296.0,Completed
O003257,C0163,P010,2026-06-12,1,1599,50,1549.0,Completed
O003258,C0144,P010,2026-06-13,2,1599,200,2998.0,Completed
O003259,C0124,P011,2026-07-13,4,1299,0,5196.0,Completed
O003260,C0467,P003,2026-05-29,1,2999,500,2499.0,Completed
O003261,C0070,P013,2026-08-20,4,3499,300,13696.0,Cancelled
O003262,C0142,P002,2026-07-24,4,3999,300,15696.0,Completed
O003263,C0002,P009,2026-09-13,4,1499,150,5846.0,Completed
O003264,C0117,P009,2026-07-03,3,1499,150,4347.0,Completed
O003265,C0493,P009,2026-04-19,2,1499,150,2848.0,Completed
O003266,C0113,P005,2026-05-13,4,999,200,3796.0,Completed
O003267,C0286,P009,2026-06-04,1,1499,300,1199.0,Completed
O003268,C0255,P001,2026-06-10,3,2499,150,7347.0,Completed
O003269,C0300,P003,2026-06-13,4,2999,0,11996.0,Returned
O003270,C0064,P014,2026-07-02,1,5999,50,5949.0,Completed
O003271,C0224,P001,2026-06-04,4,2499,300,9696.0,Completed
O003272,C0474,P001,2026-05-30,1,2499,50,2449.0,Completed
O003273,C0117,P006,2026-03-22,1,2799,100,2699.0,Completed
O003274,C0260,P010,2026-06-14,2,1599,0,3198.0,Completed
O003275,C0334,P014,2026-05-28,2,5999,500,11498.0,Completed
O003276,C0382,P002,2026-05-21,3,3999,300,11697.0,Completed
O003277,C0483,P008,2026-04-03,3,2299,0,6897.0,Completed
O003278,C0027,P011,2026-09-11,3,1299,300,3597.0,Completed
O003279,C0295,P015,2026-03-26,3,1199,100,3497.0,Completed
O003280,C0493,P006,2026-04-15,4,2799,150,11046.0,Completed
O003281,C0392,P010,2026-08-07,2,1599,500,2698.0,Completed
O003282,C0473,P005,2026-08-14,4,999,500,3496.0,Completed
O003283,C0390,P008,2026-08-04,1,2299,0,2299.0,Completed
O003284,C0198,P015,2026-04-19,1,1199,0,1199.0,Completed
O003285,C0093,P007,2026-04-03,3,1799,0,5397.0,Completed
O003286,C0480,P005,2026-04-24,3,999,150,2847.0,Completed
O003287,C0488,P001,2026-05-31,4,2499,500,9496.0,Completed
O003288,C0493,P007,2026-05-03,4,1799,200,6996.0,Completed
O003289,C0025,P007,2026-04-20,2,1799,50,3548.0,Completed
O003290,C0157,P010,2026-04-26,4,1599,500,5896.0,Completed
O003291,C0207,P013,2026-05-07,2,3499,50,6948.0,Completed
O003292,C0003,P006,2026-08-31,2,2799,100,5498.0,Completed
O003293,C0134,P008,2026-07-27,1,2299,150,2149.0,Completed
O003294,C0474,P007,2026-09-13,3,1799,150,5247.0,Completed
O003295,C0175,P010,2026-06-13,2,1599,300,2898.0,Completed
O003296,C0444,P014,2026-06-10,2,5999,100,11898.0,Completed
O003297,C0436,P002,2026-06-15,2,3999,150,7848.0,Completed
O003298,C0101,P002,2026-03-22,2,3999,0,7998.0,Completed
O003299,C0189,P003,2026-04-08,2,2999,0,5998.0,Completed
O003300,C0398,P008,2026-08-31,2,2299,50,4548.0,Returned
O003301,C0240,P003,2026-08-06,4,2999,150,11846.0,Completed
O003302,C0377,P004,2026-09-10,3,5499,200,16297.0,Completed
O003303,C0149,P003,2026-05-04,2,2999,150,5848.0,Completed
O003304,C0158,P003,2026-07-03,3,2999,0,8997.0,Completed
O003305,C0244,P006,2026-08-26,4,2799,200,10996.0,Completed
O003306,C0036,P001,2026-08-04,3,2499,0,7497.0,Completed
O003307,C0027,P006,2026-05-27,3,2799,0,8397.0,Completed
O003308,C0143,P005,2026-06-23,4,999,100,3896.0,Completed
O003309,C0164,P013,2026-07-12,2,3499,150,6848.0,Completed
O003310,C0377,P012,2026-07-18,3,899,0,2697.0,Completed
O003311,C0286,P005,2026-05-27,4,999,100,3896.0,Completed
O003312,C0474,P010,2026-06-15,2,1599,0,3198.0,Completed
O003313,C0244,P009,2026-05-10,1,1499,100,1399.0,Completed
O003314,C0101,P007,2026-09-14,1,1799,0,1799.0,Completed
O003315,C0433,P011,2026-03-31,2,1299,300,2298.0,Completed
O003316,C0244,P009,2026-06-20,2,1499,0,2998.0,Completed
O003317,C0235,P009,2026-03-24,4,1499,100,5896.0,Completed
O003318,C0268,P007,2026-09-13,2,1799,200,3398.0,Completed
O003319,C0082,P002,2026-07-04,4,3999,150,15846.0,Completed
O003320,C0331,P004,2026-07-23,3,5499,100,16397.0,Completed
O003321,C0401,P009,2026-07-31,1,1499,0,1499.0,Completed
O003322,C0058,P006,2026-05-09,4,2799,500,10696.0,Completed
O003323,C0456,P007,2026-07-22,4,1799,0,7196.0,Completed
O003324,C0179,P015,2026-08-19,2,1199,300,2098.0,Returned
O003325,C0145,P004,2026-04-25,2,5499,300,10698.0,Completed
O003326,C0280,P005,2026-05-28,4,999,300,3696.0,Cancelled
O003327,C0157,P001,2026-04-19,1,2499,0,2499.0,Completed
O003328,C0295,P009,2026-05-19,3,1499,500,3997.0,Completed
O003329,C0254,P015,2026-05-02,2,1199,200,2198.0,Completed
O003330,C0047,P009,2026-06-03,4,1499,150,5846.0,Completed
O003331,C0134,P007,2026-08-27,3,1799,150,5247.0,Completed
O003332,C0474,P014,2026-07-12,4,5999,200,23796.0,Completed
O003333,C0477,P015,2026-06-14,3,1199,500,3097.0,Completed
O003334,C0278,P006,2026-08-20,2,2799,0,5598.0,Completed
O003335,C0070,P002,2026-08-06,4,3999,500,15496.0,Completed
O003336,C0473,P011,2026-06-06,1,1299,50,1249.0,Completed
O003337,C0083,P011,2026-07-18,4,1299,0,5196.0,Completed
O003338,C0149,P013,2026-06-14,3,3499,150,10347.0,Completed
O003339,C0405,P005,2026-07-27,2,999,300,1698.0,Completed
O003340,C0078,P009,2026-04-12,4,1499,0,5996.0,Completed
O003341,C0101,P011,2026-08-04,1,1299,100,1199.0,Completed
O003342,C0386,P007,2026-08-16,1,1799,0,1799.0,Completed
O003343,C0237,P014,2026-06-16,1,5999,150,5849.0,Completed
O003344,C0468,P014,2026-04-17,1,5999,50,5949.0,Completed
O003345,C0281,P001,2026-04-28,3,2499,200,7297.0,Completed
O003346,C0206,P015,2026-05-17,4,1199,100,4696.0,Completed
O003347,C0176,P002,2026-07-18,3,3999,0,11997.0,Returned
O003348,C0005,P013,2026-04-23,3,3499,100,10397.0,Completed
O003349,C0012,P012,2026-08-16,1,899,0,899.0,Completed
O003350,C0290,P002,2026-08-05,1,3999,100,3899.0,Completed
O003351,C0279,P008,2026-09-03,3,2299,50,6847.0,Completed
O003352,C0161,P002,2026-04-01,2,3999,300,7698.0,Completed
O003353,C0351,P009,2026-07-28,3,1499,0,4497.0,Completed
O003354,C0026,P005,2026-04-25,3,999,0,2997.0,Completed
O003355,C0362,P008,2026-04-08,2,2299,300,4298.0,Completed
O003356,C0485,P012,2026-06-27,4,899,100,3496.0,Completed
O003357,C0069,P015,2026-05-16,4,1199,0,4796.0,Completed
O003358,C0244,P012,2026-05-14,4,899,100,3496.0,Completed
O003359,C0412,P010,2026-08-29,1,1599,0,1599.0,Completed
O003360,C0149,P014,2026-06-23,4,5999,0,23996.0,Completed
O003361,C0133,P008,2026-09-04,2,2299,0,4598.0,Completed
O003362,C0184,P014,2026-08-18,4,5999,100,23896.0,Completed
O003363,C0082,P006,2026-04-16,3,2799,0,8397.0,Completed
O003364,C0114,P007,2026-07-30,1,1799,50,1749.0,Completed
O003365,C0233,P008,2026-03-29,2,2299,500,4098.0,Completed
O003366,C0262,P010,2026-07-04,4,1599,300,6096.0,Completed
O003367,C0478,P004,2026-08-02,3,5499,50,16447.0,Completed
O003368,C0420,P005,2026-09-18,3,999,0,2997.0,Completed
O003369,C0041,P001,2026-06-12,1,2499,500,1999.0,Completed
O003370,C0094,P006,2026-05-28,3,2799,300,8097.0,Completed
O003371,C0176,P002,2026-09-09,1,3999,100,3899.0,Completed
O003372,C0001,P003,2026-03-24,4,2999,100,11896.0,Completed
O003373,C0236,P007,2026-04-25,2,1799,300,3298.0,Returned
O003374,C0244,P014,2026-08-31,1,5999,150,5849.0,Completed
O003375,C0123,P008,2026-08-20,1,2299,100,2199.0,Completed
O003376,C0098,P015,2026-08-16,1,1199,300,899.0,Completed
O003377,C0200,P008,2026-09-15,4,2299,150,9046.0,Completed
O003378,C0480,P011,2026-05-05,1,1299,50,1249.0,Completed
O003379,C0390,P014,2026-05-30,3,5999,500,17497.0,Completed
O003380,C0387,P006,2026-06-14,1,2799,100,2699.0,Completed
O003381,C0468,P008,2026-04-22,2,2299,500,4098.0,Completed
O003382,C0468,P004,2026-08-10,1,5499,300,5199.0,Returned
O003383,C0065,P013,2026-05-30,1,3499,300,3199.0,Completed
O003384,C0392,P014,2026-06-08,1,5999,100,5899.0,Returned
O003385,C0294,P009,2026-05-13,1,1499,500,999.0,Completed
O003386,C0215,P011,2026-05-20,3,1299,100,3797.0,Completed
O003387,C0127,P013,2026-03-25,4,3499,500,13496.0,Completed
O003388,C0051,P004,2026-08-28,1,5499,0,5499.0,Completed
O003389,C0491,P006,2026-03-27,2,2799,300,5298.0,Completed
O003390,C0067,P007,2026-05-28,2,1799,200,3398.0,Completed
O003391,C0025,P015,2026-09-05,3,1199,0,3597.0,Completed
O003392,C0453,P014,2026-08-25,2,5999,0,11998.0,Completed
O003393,C0328,P006,2026-04-25,4,2799,500,10696.0,Completed
O003394,C0389,P005,2026-04-05,1,999,0,999.0,Completed
O003395,C0240,P012,2026-08-13,3,899,0,2697.0,Completed
O003396,C0123,P006,2026-04-06,2,2799,0,5598.0,Completed
O003397,C0362,P010,2026-08-31,3,1599,0,4797.0,Completed
O003398,C0071,P013,2026-03-29,3,3499,500,9997.0,Completed
O003399,C0378,P009,2026-06-29,4,1499,50,5946.0,Cancelled
O003400,C0454,P015,2026-05-07,4,1199,100,4696.0,Completed
O003401,C0043,P008,2026-05-08,3,2299,50,6847.0,Completed
O003402,C0119,P014,2026-07-07,2,5999,50,11948.0,Completed
O003403,C0255,P014,2026-05-10,1,5999,0,5999.0,Completed
O003404,C0252,P007,2026-05-16,1,1799,300,1499.0,Completed
O003405,C0005,P003,2026-09-15,4,2999,500,11496.0,Completed
O003406,C0029,P015,2026-03-30,2,1199,0,2398.0,Completed
O003407,C0398,P013,2026-07-06,2,3499,300,6698.0,Completed
O003408,C0040,P010,2026-07-04,3,1599,100,4697.0,Returned
O003409,C0289,P001,2026-07-19,1,2499,200,2299.0,Completed
O003410,C0145,P001,2026-07-26,1,2499,0,2499.0,Completed
O003411,C0151,P013,2026-07-18,1,3499,0,3499.0,Completed
O003412,C0225,P002,2026-09-05,2,3999,0,7998.0,Completed
O003413,C0078,P002,2026-08-07,1,3999,100,3899.0,Completed
O003414,C0276,P001,2026-09-05,4,2499,0,9996.0,Completed
O003415,C0069,P003,2026-05-25,1,2999,0,2999.0,Completed
O003416,C0482,P012,2026-04-19,3,899,300,2397.0,Cancelled
O003417,C0059,P010,2026-07-21,2,1599,0,3198.0,Completed
O003418,C0223,P005,2026-07-04,3,999,100,2897.0,Completed
O003419,C0071,P014,2026-06-05,2,5999,150,11848.0,Completed
O003420,C0484,P015,2026-06-22,2,1199,50,2348.0,Completed
O003421,C0326,P007,2026-06-17,1,1799,50,1749.0,Completed
O003422,C0477,P010,2026-04-27,3,1599,0,4797.0,Returned
O003423,C0478,P015,2026-06-08,1,1199,150,1049.0,Completed
O003424,C0217,P013,2026-06-26,4,3499,50,13946.0,Completed
O003425,C0095,P011,2026-09-02,2,1299,300,2298.0,Completed
O003426,C0146,P002,2026-07-20,2,3999,50,7948.0,Completed
O003427,C0327,P008,2026-09-11,3,2299,0,6897.0,Completed
O003428,C0493,P006,2026-04-19,3,2799,200,8197.0,Completed
O003429,C0067,P002,2026-06-11,1,3999,0,3999.0,Returned
O003430,C0256,P010,2026-07-10,1,1599,50,1549.0,Completed
O003431,C0195,P013,2026-05-26,3,3499,300,10197.0,Completed
O003432,C0209,P013,2026-05-15,4,3499,50,13946.0,Completed
O003433,C0030,P015,2026-06-09,1,1199,150,1049.0,Completed
O003434,C0016,P009,2026-09-06,2,1499,500,2498.0,Completed
O003435,C0049,P010,2026-07-25,1,1599,0,1599.0,Completed
O003436,C0444,P010,2026-07-11,2,1599,0,3198.0,Completed
O003437,C0027,P007,2026-08-24,2,1799,300,3298.0,Returned
O003438,C0314,P003,2026-05-19,2,2999,200,5798.0,Completed
O003439,C0121,P009,2026-07-14,4,1499,150,5846.0,Returned
O003440,C0025,P009,2026-05-18,2,1499,0,2998.0,Completed
O003441,C0252,P007,2026-07-10,3,1799,150,5247.0,Completed
O003442,C0362,P014,2026-04-07,1,5999,50,5949.0,Cancelled
O003443,C0090,P012,2026-03-25,4,899,50,3546.0,Completed
O003444,C0149,P001,2026-03-22,2,2499,100,4898.0,Completed
O003445,C0011,P009,2026-06-04,4,1499,100,5896.0,Completed
O003446,C0194,P008,2026-08-25,2,2299,0,4598.0,Completed
O003447,C0247,P009,2026-05-25,1,1499,0,1499.0,Completed
O003448,C0411,P001,2026-06-28,1,2499,0,2499.0,Completed
O003449,C0380,P011,2026-04-26,2,1299,100,2498.0,Completed
O003450,C0091,P015,2026-08-27,4,1199,500,4296.0,Completed
O003451,C0003,P009,2026-08-08,3,1499,150,4347.0,Cancelled
O003452,C0493,P002,2026-05-27,4,3999,500,15496.0,Completed
O003453,C0025,P001,2026-09-13,1,2499,150,2349.0,Completed
O003454,C0210,P002,2026-07-14,1,3999,100,3899.0,Completed
O003455,C0051,P009,2026-04-14,1,1499,200,1299.0,Completed
O003456,C0268,P011,2026-06-14,3,1299,150,3747.0,Completed
O003457,C0390,P010,2026-03-26,3,1599,50,4747.0,Completed
O003458,C0118,P013,2026-06-22,1,3499,0,3499.0,Completed
O003459,C0390,P004,2026-07-05,3,5499,300,16197.0,Completed
O003460,C0149,P007,2026-08-17,3,1799,150,5247.0,Completed
O003461,C0124,P014,2026-07-13,4,5999,300,23696.0,Completed
O003462,C0028,P002,2026-05-29,1,3999,50,3949.0,Completed
O003463,C0370,P001,2026-09-14,2,2499,0,4998.0,Completed
O003464,C0482,P003,2026-08-21,2,2999,500,5498.0,Completed
O003465,C0129,P001,2026-04-27,2,2499,300,4698.0,Completed
O003466,C0158,P009,2026-05-28,1,1499,500,999.0,Completed
O003467,C0474,P003,2026-06-21,4,2999,100,11896.0,Completed
O003468,C0086,P007,2026-05-17,3,1799,50,5347.0,Completed
O003469,C0223,P001,2026-04-13,1,2499,150,2349.0,Completed
O003470,C0051,P013,2026-04-18,2,3499,200,6798.0,Completed
O003471,C0349,P007,2026-08-30,1,1799,50,1749.0,Cancelled
O003472,C0157,P010,2026-09-08,1,1599,150,1449.0,Completed
O003473,C0190,P002,2026-07-18,1,3999,0,3999.0,Completed
O003474,C0102,P001,2026-07-04,3,2499,300,7197.0,Completed
O003475,C0047,P003,2026-07-17,2,2999,50,5948.0,Completed
O003476,C0049,P012,2026-04-23,2,899,100,1698.0,Completed
O003477,C0483,P011,2026-06-19,4,1299,0,5196.0,Completed
O003478,C0019,P011,2026-03-24,3,1299,200,3697.0,Completed
O003479,C0209,P007,2026-05-27,3,1799,100,5297.0,Completed
O003480,C0372,P001,2026-04-27,3,2499,50,7447.0,Cancelled
O003481,C0201,P004,2026-03-28,3,5499,300,16197.0,Completed
O003482,C0049,P006,2026-06-23,2,2799,0,5598.0,Completed
O003483,C0382,P013,2026-07-25,2,3499,150,6848.0,Completed
O003484,C0117,P004,2026-04-12,3,5499,300,16197.0,Completed
O003485,C0198,P009,2026-06-11,2,1499,50,2948.0,Completed
O003486,C0385,P011,2026-09-09,2,1299,500,2098.0,Returned
O003487,C0189,P008,2026-07-07,1,2299,300,1999.0,Completed
O003488,C0185,P015,2026-04-30,3,1199,300,3297.0,Completed
O003489,C0125,P002,2026-08-08,4,3999,300,15696.0,Completed
O003490,C0448,P014,2026-07-21,3,5999,150,17847.0,Completed
O003491,C0044,P011,2026-09-01,2,1299,0,2598.0,Completed
O003492,C0008,P001,2026-07-30,4,2499,0,9996.0,Completed
O003493,C0276,P008,2026-04-23,3,2299,50,6847.0,Completed
O003494,C0454,P005,2026-04-04,2,999,150,1848.0,Completed
O003495,C0201,P015,2026-04-19,4,1199,50,4746.0,Completed
O003496,C0153,P013,2026-08-23,4,3499,150,13846.0,Completed
O003497,C0163,P003,2026-08-16,3,2999,150,8847.0,Completed
O003498,C0009,P007,2026-09-02,3,1799,150,5247.0,Completed
O003499,C0392,P002,2026-05-11,1,3999,500,3499.0,Completed
O003500,C0044,P009,2026-05-24,2,1499,500,2498.0,Completed
O003501,C0335,P007,2026-05-18,2,1799,150,3448.0,Completed
O003502,C0290,P013,2026-04-07,3,3499,50,10447.0,Completed
O003503,C0126,P010,2026-07-03,4,1599,0,6396.0,Completed
O003504,C0454,P013,2026-04-16,1,3499,200,3299.0,Completed
O003505,C0026,P003,2026-06-24,1,2999,50,2949.0,Completed
O003506,C0329,P012,2026-05-08,3,899,0,2697.0,Completed
O003507,C0019,P002,2026-06-09,4,3999,0,15996.0,Completed
O003508,C0493,P009,2026-05-22,4,1499,0,5996.0,Completed
O003509,C0055,P012,2026-04-05,4,899,0,3596.0,Completed
O003510,C0033,P012,2026-08-21,2,899,0,1798.0,Completed
O003511,C0434,P010,2026-04-13,1,1599,0,1599.0,Completed
O003512,C0022,P001,2026-07-21,2,2499,150,4848.0,Completed
O003513,C0111,P002,2026-08-19,4,3999,0,15996.0,Completed
O003514,C0390,P011,2026-04-17,4,1299,0,5196.0,Completed
O003515,C0388,P007,2026-09-13,2,1799,200,3398.0,Completed
O003516,C0385,P001,2026-08-17,3,2499,0,7497.0,Completed
O003517,C0443,P011,2026-06-23,4,1299,200,4996.0,Completed
O003518,C0318,P002,2026-07-12,1,3999,100,3899.0,Completed
O003519,C0154,P009,2026-03-27,2,1499,0,2998.0,Completed
O003520,C0079,P009,2026-07-20,4,1499,0,5996.0,Completed
O003521,C0231,P010,2026-07-19,1,1599,100,1499.0,Completed
O003522,C0198,P002,2026-08-10,4,3999,0,15996.0,Completed
O003523,C0059,P013,2026-04-24,4,3499,50,13946.0,Completed
O003524,C0343,P010,2026-07-23,4,1599,150,6246.0,Completed
O003525,C0065,P009,2026-06-16,2,1499,500,2498.0,Completed
O003526,C0025,P008,2026-03-23,4,2299,0,9196.0,Completed
O003527,C0129,P009,2026-06-20,1,1499,200,1299.0,Completed
O003528,C0243,P001,2026-09-04,1,2499,50,2449.0,Completed
O003529,C0455,P005,2026-05-15,2,999,50,1948.0,Completed
O003530,C0499,P003,2026-06-30,2,2999,0,5998.0,Completed
O003531,C0405,P007,2026-07-16,4,1799,200,6996.0,Completed
O003532,C0333,P008,2026-07-13,1,2299,300,1999.0,Completed
O003533,C0164,P002,2026-05-23,4,3999,0,15996.0,Completed
O003534,C0478,P015,2026-04-13,3,1199,50,3547.0,Completed
O003535,C0378,P002,2026-04-28,4,3999,150,15846.0,Completed
O003536,C0002,P008,2026-05-11,1,2299,100,2199.0,Completed
O003537,C0490,P014,2026-06-02,3,5999,50,17947.0,Completed
O003538,C0356,P012,2026-08-16,1,899,100,799.0,Completed
O003539,C0260,P014,2026-05-17,3,5999,0,17997.0,Completed
O003540,C0140,P015,2026-08-22,1,1199,300,899.0,Completed
O003541,C0041,P014,2026-05-19,1,5999,200,5799.0,Completed
O003542,C0055,P006,2026-07-21,1,2799,300,2499.0,Completed
O003543,C0390,P013,2026-07-03,4,3499,150,13846.0,Completed
O003544,C0113,P004,2026-06-09,3,5499,100,16397.0,Completed
O003545,C0050,P001,2026-04-21,3,2499,0,7497.0,Completed
O003546,C0125,P015,2026-05-27,4,1199,300,4496.0,Completed
O003547,C0077,P008,2026-06-11,4,2299,0,9196.0,Completed
O003548,C0267,P006,2026-04-26,3,2799,0,8397.0,Completed
O003549,C0041,P015,2026-06-14,4,1199,500,4296.0,Completed
O003550,C0068,P004,2026-07-29,3,5499,500,15997.0,Completed
O003551,C0170,P005,2026-09-01,2,999,300,1698.0,Completed
O003552,C0337,P013,2026-05-19,4,3499,50,13946.0,Completed
O003553,C0011,P003,2026-07-11,3,2999,150,8847.0,Completed
O003554,C0441,P006,2026-07-18,3,2799,300,8097.0,Completed
O003555,C0023,P006,2026-04-17,1,2799,500,2299.0,Completed
O003556,C0093,P001,2026-06-22,4,2499,0,9996.0,Completed
O003557,C0118,P013,2026-07-23,4,3499,100,13896.0,Completed
O003558,C0032,P004,2026-06-11,1,5499,500,4999.0,Completed
O003559,C0106,P009,2026-07-13,1,1499,50,1449.0,Completed
O003560,C0041,P014,2026-09-18,3,5999,200,17797.0,Completed
O003561,C0082,P007,2026-08-13,1,1799,50,1749.0,Completed
O003562,C0117,P013,2026-04-28,4,3499,300,13696.0,Completed
O003563,C0082,P009,2026-07-14,3,1499,0,4497.0,Completed
O003564,C0116,P003,2026-09-05,1,2999,500,2499.0,Completed
O003565,C0346,P004,2026-04-08,2,5499,500,10498.0,Completed
O003566,C0357,P004,2026-08-09,3,5499,100,16397.0,Returned
O003567,C0193,P008,2026-06-21,4,2299,50,9146.0,Completed
O003568,C0101,P015,2026-08-24,4,1199,500,4296.0,Completed
O003569,C0471,P011,2026-08-01,1,1299,150,1149.0,Completed
O003570,C0251,P007,2026-04-05,2,1799,50,3548.0,Completed
O003571,C0399,P006,2026-03-23,2,2799,150,5448.0,Completed
O003572,C0017,P011,2026-05-12,2,1299,500,2098.0,Completed
O003573,C0381,P002,2026-07-09,3,3999,500,11497.0,Returned
O003574,C0397,P001,2026-09-12,3,2499,100,7397.0,Completed
O003575,C0149,P007,2026-07-21,4,1799,0,7196.0,Completed
O003576,C0464,P008,2026-06-18,4,2299,200,8996.0,Completed
O003577,C0211,P014,2026-05-22,1,5999,0,5999.0,Completed
O003578,C0252,P005,2026-07-22,2,999,50,1948.0,Completed
O003579,C0193,P012,2026-05-13,2,899,500,1298.0,Completed
O003580,C0357,P003,2026-07-23,2,2999,50,5948.0,Completed
O003581,C0390,P002,2026-09-04,4,3999,200,15796.0,Completed
O003582,C0207,P010,2026-04-18,1,1599,500,1099.0,Completed
O003583,C0029,P013,2026-08-26,3,3499,50,10447.0,Completed
O003584,C0175,P002,2026-08-10,3,3999,150,11847.0,Completed
O003585,C0268,P004,2026-05-05,1,5499,200,5299.0,Returned
O003586,C0437,P007,2026-08-18,1,1799,100,1699.0,Completed
O003587,C0082,P003,2026-07-05,1,2999,50,2949.0,Cancelled
O003588,C0277,P013,2026-05-29,1,3499,0,3499.0,Completed
O003589,C0190,P005,2026-04-06,4,999,0,3996.0,Completed
O003590,C0017,P014,2026-07-18,1,5999,500,5499.0,Completed
O003591,C0390,P001,2026-07-02,2,2499,0,4998.0,Completed
O003592,C0216,P015,2026-09-13,1,1199,200,999.0,Completed
O003593,C0022,P005,2026-05-08,2,999,100,1898.0,Completed
O003594,C0224,P003,2026-06-26,3,2999,150,8847.0,Completed
O003595,C0448,P002,2026-08-13,4,3999,50,15946.0,Completed
O003596,C0215,P007,2026-08-07,2,1799,0,3598.0,Completed
O003597,C0273,P001,2026-05-27,4,2499,200,9796.0,Completed
O003598,C0464,P006,2026-09-16,3,2799,0,8397.0,Completed
O003599,C0378,P010,2026-07-18,2,1599,50,3148.0,Completed
O003600,C0389,P008,2026-05-01,2,2299,0,4598.0,Completed
O003601,C0063,P014,2026-06-19,4,5999,100,23896.0,Completed
O003602,C0137,P013,2026-04-23,4,3499,0,13996.0,Completed
O003603,C0366,P007,2026-09-03,4,1799,300,6896.0,Completed
O003604,C0080,P008,2026-06-21,2,2299,150,4448.0,Cancelled
O003605,C0291,P008,2026-03-27,3,2299,200,6697.0,Completed
O003606,C0001,P009,2026-03-22,4,1499,150,5846.0,Completed
O003607,C0241,P006,2026-05-04,4,2799,0,11196.0,Completed
O003608,C0004,P011,2026-08-21,1,1299,50,1249.0,Completed
O003609,C0082,P013,2026-06-06,1,3499,200,3299.0,Completed
O003610,C0111,P010,2026-05-27,1,1599,150,1449.0,Completed
O003611,C0478,P001,2026-05-01,2,2499,50,4948.0,Completed
O003612,C0086,P004,2026-03-23,2,5499,50,10948.0,Returned
O003613,C0113,P006,2026-04-30,1,2799,0,2799.0,Completed
O003614,C0474,P011,2026-04-06,3,1299,200,3697.0,Completed
O003615,C0465,P012,2026-06-02,2,899,200,1598.0,Completed
O003616,C0366,P011,2026-07-03,1,1299,100,1199.0,Completed
O003617,C0423,P009,2026-08-28,3,1499,100,4397.0,Completed
O003618,C0396,P004,2026-06-05,2,5499,50,10948.0,Completed
O003619,C0189,P015,2026-04-24,2,1199,300,2098.0,Completed
O003620,C0257,P001,2026-04-22,3,2499,100,7397.0,Completed
O003621,C0499,P013,2026-04-14,3,3499,150,10347.0,Completed
O003622,C0285,P001,2026-08-22,4,2499,200,9796.0,Completed
O003623,C0474,P014,2026-04-21,2,5999,0,11998.0,Completed
O003624,C0500,P008,2026-04-10,4,2299,100,9096.0,Completed
O003625,C0145,P010,2026-05-01,3,1599,150,4647.0,Completed
O003626,C0008,P007,2026-09-02,2,1799,150,3448.0,Completed
O003627,C0093,P015,2026-08-28,4,1199,200,4596.0,Cancelled
O003628,C0053,P010,2026-07-01,2,1599,50,3148.0,Completed
O003629,C0356,P004,2026-06-25,1,5499,500,4999.0,Completed
O003630,C0192,P003,2026-07-21,4,2999,150,11846.0,Completed
O003631,C0334,P014,2026-06-28,4,5999,150,23846.0,Completed
O003632,C0474,P003,2026-04-21,1,2999,300,2699.0,Completed
O003633,C0392,P004,2026-08-15,1,5499,0,5499.0,Completed
O003634,C0330,P012,2026-04-26,3,899,200,2497.0,Completed
O003635,C0085,P003,2026-06-20,1,2999,0,2999.0,Completed
O003636,C0451,P006,2026-06-11,3,2799,0,8397.0,Completed
O003637,C0098,P012,2026-08-17,2,899,0,1798.0,Completed
O003638,C0138,P004,2026-07-24,1,5499,500,4999.0,Completed
O003639,C0225,P011,2026-07-19,2,1299,150,2448.0,Completed
O003640,C0066,P006,2026-04-30,3,2799,50,8347.0,Cancelled
O003641,C0243,P009,2026-08-29,2,1499,150,2848.0,Completed
O003642,C0149,P012,2026-03-23,1,899,50,849.0,Completed
O003643,C0262,P008,2026-07-10,4,2299,0,9196.0,Completed
O003644,C0181,P014,2026-05-21,2,5999,100,11898.0,Completed
O003645,C0292,P010,2026-04-15,4,1599,200,6196.0,Completed
O003646,C0307,P001,2026-07-19,2,2499,200,4798.0,Completed
O003647,C0332,P005,2026-04-05,4,999,150,3846.0,Completed
O003648,C0151,P011,2026-08-07,3,1299,100,3797.0,Completed
O003649,C0396,P006,2026-04-25,4,2799,500,10696.0,Completed
O003650,C0080,P001,2026-07-23,3,2499,300,7197.0,Completed
O003651,C0290,P013,2026-06-08,2,3499,200,6798.0,Completed
O003652,C0453,P013,2026-04-11,3,3499,200,10297.0,Completed
O003653,C0188,P003,2026-05-07,2,2999,50,5948.0,Completed
O003654,C0003,P013,2026-06-20,1,3499,50,3449.0,Completed
O003655,C0332,P015,2026-06-06,4,1199,50,4746.0,Completed
O003656,C0267,P007,2026-05-07,2,1799,150,3448.0,Completed
O003657,C0050,P014,2026-05-23,2,5999,50,11948.0,Completed
O003658,C0049,P005,2026-03-25,2,999,0,1998.0,Completed
O003659,C0328,P007,2026-09-15,4,1799,50,7146.0,Completed
O003660,C0068,P007,2026-05-28,4,1799,0,7196.0,Completed
O003661,C0468,P006,2026-07-10,1,2799,200,2599.0,Completed
O003662,C0036,P008,2026-03-26,3,2299,0,6897.0,Completed
O003663,C0304,P002,2026-08-16,1,3999,0,3999.0,Completed
O003664,C0175,P013,2026-04-25,2,3499,50,6948.0,Completed
O003665,C0437,P008,2026-08-20,1,2299,0,2299.0,Completed
O003666,C0447,P001,2026-03-27,1,2499,300,2199.0,Returned
O003667,C0070,P008,2026-06-12,4,2299,0,9196.0,Completed
O003668,C0192,P002,2026-07-21,4,3999,0,15996.0,Cancelled
O003669,C0458,P003,2026-05-16,4,2999,150,11846.0,Completed
O003670,C0361,P006,2026-08-15,1,2799,0,2799.0,Completed
O003671,C0225,P003,2026-07-08,2,2999,150,5848.0,Completed
O003672,C0433,P007,2026-09-10,2,1799,100,3498.0,Completed
O003673,C0454,P015,2026-04-20,2,1199,300,2098.0,Completed
O003674,C0488,P013,2026-04-14,3,3499,150,10347.0,Returned
O003675,C0138,P003,2026-06-29,2,2999,0,5998.0,Completed
O003676,C0474,P014,2026-05-11,3,5999,0,17997.0,Completed
O003677,C0226,P008,2026-07-22,4,2299,200,8996.0,Returned
O003678,C0470,P015,2026-09-15,1,1199,300,899.0,Completed
O003679,C0116,P010,2026-08-28,3,1599,50,4747.0,Cancelled
O003680,C0428,P005,2026-07-21,4,999,0,3996.0,Completed
O003681,C0156,P002,2026-04-13,4,3999,0,15996.0,Completed
O003682,C0240,P010,2026-06-06,2,1599,50,3148.0,Completed
O003683,C0026,P015,2026-08-12,2,1199,150,2248.0,Completed
O003684,C0144,P005,2026-07-27,3,999,0,2997.0,Completed
O003685,C0121,P006,2026-05-11,4,2799,200,10996.0,Completed
O003686,C0186,P010,2026-08-14,3,1599,500,4297.0,Completed
O003687,C0005,P003,2026-08-06,3,2999,150,8847.0,Completed
O003688,C0106,P007,2026-08-12,2,1799,300,3298.0,Completed
O003689,C0127,P012,2026-05-11,4,899,50,3546.0,Completed
O003690,C0377,P012,2026-09-05,3,899,0,2697.0,Completed
O003691,C0494,P001,2026-07-28,3,2499,100,7397.0,Completed
O003692,C0315,P015,2026-05-29,3,1199,500,3097.0,Completed
O003693,C0188,P012,2026-06-12,3,899,100,2597.0,Completed
O003694,C0299,P001,2026-07-22,1,2499,100,2399.0,Completed
O003695,C0118,P011,2026-06-08,4,1299,0,5196.0,Completed
O003696,C0326,P011,2026-06-05,4,1299,0,5196.0,Completed
O003697,C0244,P015,2026-05-15,3,1199,150,3447.0,Completed
O003698,C0189,P012,2026-08-07,4,899,0,3596.0,Completed
O003699,C0442,P011,2026-05-26,3,1299,300,3597.0,Completed
O003700,C0444,P008,2026-05-20,2,2299,300,4298.0,Completed
O003701,C0483,P013,2026-09-06,1,3499,200,3299.0,Completed
O003702,C0352,P002,2026-04-06,3,3999,0,11997.0,Completed
O003703,C0234,P015,2026-03-24,2,1199,0,2398.0,Completed
O003704,C0144,P006,2026-09-04,1,2799,500,2299.0,Completed
O003705,C0273,P007,2026-05-21,1,1799,150,1649.0,Completed
O003706,C0386,P015,2026-06-16,4,1199,0,4796.0,Completed
O003707,C0106,P012,2026-05-29,2,899,500,1298.0,Completed
O003708,C0295,P009,2026-03-28,2,1499,100,2898.0,Completed
O003709,C0326,P008,2026-07-03,2,2299,0,4598.0,Completed
O003710,C0405,P015,2026-05-07,1,1199,50,1149.0,Completed
O003711,C0203,P007,2026-04-11,4,1799,150,7046.0,Completed
O003712,C0395,P009,2026-06-14,4,1499,300,5696.0,Completed
O003713,C0390,P006,2026-07-20,1,2799,300,2499.0,Completed
O003714,C0279,P007,2026-09-12,2,1799,150,3448.0,Completed
O003715,C0352,P009,2026-03-28,4,1499,300,5696.0,Completed
O003716,C0146,P013,2026-09-09,3,3499,0,10497.0,Completed
O003717,C0278,P003,2026-09-15,2,2999,0,5998.0,Completed
O003718,C0118,P011,2026-08-08,4,1299,0,5196.0,Completed
O003719,C0345,P012,2026-07-04,4,899,0,3596.0,Completed
O003720,C0082,P014,2026-07-02,1,5999,0,5999.0,Completed
O003721,C0282,P015,2026-05-10,1,1199,500,699.0,Returned
O003722,C0285,P010,2026-09-10,2,1599,0,3198.0,Cancelled
O003723,C0427,P009,2026-04-21,2,1499,500,2498.0,Completed
O003724,C0201,P012,2026-05-20,3,899,100,2597.0,Completed
O003725,C0224,P012,2026-06-08,1,899,300,599.0,Completed
O003726,C0080,P007,2026-03-29,3,1799,50,5347.0,Completed
O003727,C0352,P010,2026-09-10,2,1599,0,3198.0,Completed
O003728,C0494,P006,2026-04-19,3,2799,0,8397.0,Completed
O003729,C0396,P010,2026-03-28,4,1599,500,5896.0,Cancelled
O003730,C0296,P003,2026-08-06,1,2999,200,2799.0,Completed
O003731,C0001,P006,2026-05-30,3,2799,50,8347.0,Completed
O003732,C0478,P009,2026-04-04,3,1499,100,4397.0,Completed
O003733,C0400,P014,2026-08-06,1,5999,500,5499.0,Completed
O003734,C0233,P009,2026-08-31,1,1499,300,1199.0,Completed
O003735,C0324,P005,2026-06-17,2,999,0,1998.0,Completed
O003736,C0252,P010,2026-06-27,1,1599,0,1599.0,Completed
O003737,C0117,P015,2026-06-14,2,1199,0,2398.0,Completed
O003738,C0490,P008,2026-07-21,1,2299,0,2299.0,Completed
O003739,C0296,P003,2026-04-01,4,2999,150,11846.0,Completed
O003740,C0027,P004,2026-08-01,1,5499,0,5499.0,Completed
O003741,C0454,P014,2026-05-01,1,5999,500,5499.0,Completed
O003742,C0253,P003,2026-09-04,4,2999,50,11946.0,Completed
O003743,C0135,P014,2026-03-29,3,5999,200,17797.0,Completed
O003744,C0012,P008,2026-08-13,2,2299,200,4398.0,Completed
O003745,C0326,P008,2026-04-10,3,2299,0,6897.0,Completed
O003746,C0001,P007,2026-04-19,1,1799,300,1499.0,Completed
O003747,C0234,P007,2026-03-25,4,1799,50,7146.0,Completed
O003748,C0253,P003,2026-08-28,1,2999,100,2899.0,Completed
O003749,C0029,P011,2026-05-10,2,1299,300,2298.0,Completed
O003750,C0464,P005,2026-05-16,3,999,150,2847.0,Completed
O003751,C0295,P007,2026-06-15,2,1799,150,3448.0,Cancelled
O003752,C0344,P014,2026-04-11,4,5999,0,23996.0,Completed
O003753,C0378,P012,2026-06-06,3,899,50,2647.0,Completed
O003754,C0460,P006,2026-08-21,2,2799,300,5298.0,Completed
O003755,C0050,P015,2026-07-17,2,1199,100,2298.0,Completed
O003756,C0003,P003,2026-07-03,3,2999,500,8497.0,Completed
O003757,C0484,P012,2026-08-25,1,899,100,799.0,Completed
O003758,C0390,P008,2026-06-05,1,2299,50,2249.0,Completed
O003759,C0147,P003,2026-06-20,3,2999,0,8997.0,Completed
O003760,C0352,P013,2026-07-28,4,3499,150,13846.0,Completed
O003761,C0352,P009,2026-06-01,4,1499,200,5796.0,Completed
O003762,C0113,P014,2026-07-30,4,5999,150,23846.0,Completed
O003763,C0065,P006,2026-05-24,4,2799,500,10696.0,Completed
O003764,C0125,P012,2026-04-29,4,899,300,3296.0,Cancelled
O003765,C0496,P003,2026-03-31,2,2999,300,5698.0,Completed
O003766,C0419,P008,2026-08-18,4,2299,150,9046.0,Completed
O003767,C0176,P010,2026-09-08,3,1599,500,4297.0,Completed
O003768,C0068,P012,2026-05-08,1,899,150,749.0,Completed
O003769,C0184,P003,2026-08-13,2,2999,300,5698.0,Completed
O003770,C0005,P007,2026-04-09,4,1799,300,6896.0,Returned
O003771,C0493,P015,2026-05-09,4,1199,50,4746.0,Completed
O003772,C0177,P010,2026-05-16,2,1599,100,3098.0,Completed
O003773,C0268,P012,2026-08-11,4,899,300,3296.0,Completed
O003774,C0359,P008,2026-06-25,4,2299,50,9146.0,Completed
O003775,C0210,P001,2026-05-24,3,2499,0,7497.0,Completed
O003776,C0080,P001,2026-04-15,3,2499,100,7397.0,Completed
O003777,C0299,P009,2026-04-30,2,1499,0,2998.0,Cancelled
O003778,C0193,P001,2026-04-08,1,2499,0,2499.0,Completed
O003779,C0027,P011,2026-04-28,4,1299,300,4896.0,Completed
O003780,C0371,P012,2026-09-04,1,899,150,749.0,Completed
O003781,C0448,P001,2026-05-16,3,2499,0,7497.0,Completed
O003782,C0009,P004,2026-04-29,4,5499,200,21796.0,Completed
O003783,C0442,P009,2026-03-30,4,1499,50,5946.0,Completed
O003784,C0260,P007,2026-06-06,3,1799,300,5097.0,Completed
O003785,C0403,P011,2026-03-24,2,1299,150,2448.0,Completed
O003786,C0359,P011,2026-08-01,2,1299,0,2598.0,Completed
O003787,C0153,P014,2026-08-14,2,5999,0,11998.0,Returned
O003788,C0208,P007,2026-08-12,1,1799,150,1649.0,Completed
O003789,C0192,P003,2026-07-02,1,2999,200,2799.0,Completed
O003790,C0461,P001,2026-09-06,1,2499,500,1999.0,Completed
O003791,C0317,P015,2026-08-26,1,1199,500,699.0,Completed
O003792,C0055,P015,2026-07-22,4,1199,200,4596.0,Completed
O003793,C0390,P011,2026-06-09,3,1299,0,3897.0,Completed
O003794,C0490,P005,2026-04-21,4,999,150,3846.0,Completed
O003795,C0147,P004,2026-07-23,1,5499,100,5399.0,Completed
O003796,C0146,P014,2026-03-25,4,5999,0,23996.0,Completed
O003797,C0237,P008,2026-04-09,2,2299,50,4548.0,Completed
O003798,C0161,P001,2026-04-13,2,2499,300,4698.0,Completed
O003799,C0390,P011,2026-04-28,2,1299,0,2598.0,Completed
O003800,C0437,P010,2026-08-01,1,1599,100,1499.0,Completed
O003801,C0098,P008,2026-06-06,1,2299,100,2199.0,Completed
O003802,C0422,P005,2026-07-14,3,999,150,2847.0,Completed
O003803,C0302,P001,2026-07-10,3,2499,500,6997.0,Completed
O003804,C0385,P009,2026-05-18,4,1499,50,5946.0,Completed
O003805,C0036,P015,2026-07-05,1,1199,500,699.0,Completed
O003806,C0398,P013,2026-08-30,1,3499,500,2999.0,Completed
O003807,C0480,P012,2026-07-23,3,899,0,2697.0,Completed
O003808,C0497,P011,2026-04-11,2,1299,200,2398.0,Completed
O003809,C0181,P004,2026-08-23,3,5499,0,16497.0,Completed
O003810,C0269,P013,2026-06-18,3,3499,0,10497.0,Completed
O003811,C0381,P002,2026-07-15,1,3999,200,3799.0,Completed
O003812,C0366,P013,2026-05-24,4,3499,200,13796.0,Completed
O003813,C0062,P015,2026-09-03,4,1199,0,4796.0,Completed
O003814,C0234,P001,2026-03-24,1,2499,150,2349.0,Completed
O003815,C0468,P014,2026-06-11,1,5999,150,5849.0,Completed
O003816,C0063,P009,2026-05-24,3,1499,0,4497.0,Completed
O003817,C0404,P012,2026-04-11,2,899,50,1748.0,Completed
O003818,C0017,P011,2026-06-30,2,1299,300,2298.0,Completed
O003819,C0392,P012,2026-07-31,1,899,100,799.0,Completed
O003820,C0429,P009,2026-08-29,4,1499,150,5846.0,Cancelled
O003821,C0382,P001,2026-04-29,4,2499,0,9996.0,Completed
O003822,C0078,P010,2026-06-27,3,1599,0,4797.0,Completed
O003823,C0212,P012,2026-05-21,2,899,100,1698.0,Completed
O003824,C0200,P003,2026-05-09,2,2999,0,5998.0,Completed
O003825,C0231,P005,2026-07-28,3,999,0,2997.0,Completed
O003826,C0474,P001,2026-04-01,4,2499,500,9496.0,Completed
O003827,C0499,P010,2026-08-21,4,1599,0,6396.0,Completed
O003828,C0343,P012,2026-08-07,1,899,0,899.0,Completed
O003829,C0431,P012,2026-04-11,3,899,100,2597.0,Completed
O003830,C0345,P014,2026-06-26,2,5999,300,11698.0,Completed
O003831,C0152,P009,2026-08-12,3,1499,200,4297.0,Completed
O003832,C0079,P013,2026-05-08,4,3499,100,13896.0,Completed
O003833,C0060,P010,2026-06-05,4,1599,0,6396.0,Cancelled
O003834,C0412,P011,2026-03-26,2,1299,50,2548.0,Completed
O003835,C0297,P015,2026-07-21,4,1199,0,4796.0,Completed
O003836,C0124,P006,2026-07-22,3,2799,150,8247.0,Completed
O003837,C0495,P013,2026-09-01,1,3499,50,3449.0,Completed
O003838,C0044,P008,2026-06-29,1,2299,150,2149.0,Completed
O003839,C0431,P010,2026-08-16,3,1599,100,4697.0,Completed
O003840,C0460,P013,2026-07-04,4,3499,300,13696.0,Completed
O003841,C0196,P003,2026-09-17,2,2999,200,5798.0,Completed
O003842,C0176,P015,2026-05-20,1,1199,200,999.0,Cancelled
O003843,C0069,P012,2026-08-05,4,899,0,3596.0,Completed
O003844,C0067,P006,2026-03-23,4,2799,500,10696.0,Completed
O003845,C0185,P009,2026-06-14,4,1499,0,5996.0,Completed
O003846,C0027,P007,2026-07-01,2,1799,0,3598.0,Completed
O003847,C0210,P014,2026-04-02,1,5999,200,5799.0,Completed
O003848,C0254,P015,2026-05-29,1,1199,300,899.0,Completed
O003849,C0313,P009,2026-05-16,1,1499,0,1499.0,Completed
O003850,C0295,P002,2026-05-21,2,3999,0,7998.0,Completed
O003851,C0070,P006,2026-08-24,2,2799,0,5598.0,Completed
O003852,C0078,P012,2026-06-24,2,899,500,1298.0,Completed
O003853,C0352,P010,2026-04-19,3,1599,100,4697.0,Completed
O003854,C0431,P003,2026-04-03,4,2999,0,11996.0,Completed
O003855,C0255,P007,2026-07-18,1,1799,50,1749.0,Completed
O003856,C0425,P008,2026-05-26,3,2299,200,6697.0,Completed
O003857,C0318,P010,2026-06-11,2,1599,0,3198.0,Completed
O003858,C0269,P010,2026-06-14,3,1599,150,4647.0,Completed
O003859,C0050,P002,2026-08-09,1,3999,0,3999.0,Completed
O003860,C0159,P011,2026-06-02,3,1299,100,3797.0,Completed
O003861,C0443,P005,2026-07-03,3,999,300,2697.0,Completed
O003862,C0080,P010,2026-04-22,3,1599,50,4747.0,Completed
O003863,C0240,P001,2026-06-27,3,2499,300,7197.0,Completed
O003864,C0423,P007,2026-04-26,1,1799,300,1499.0,Completed
O003865,C0206,P001,2026-06-05,4,2499,0,9996.0,Completed
O003866,C0324,P003,2026-03-26,4,2999,300,11696.0,Completed
O003867,C0163,P013,2026-07-29,1,3499,200,3299.0,Completed
O003868,C0041,P006,2026-04-08,2,2799,0,5598.0,Completed
O003869,C0343,P012,2026-07-27,1,899,300,599.0,Completed
O003870,C0146,P007,2026-08-03,1,1799,200,1599.0,Completed
O003871,C0033,P006,2026-05-26,2,2799,50,5548.0,Completed
O003872,C0097,P004,2026-07-13,3,5499,150,16347.0,Completed
O003873,C0029,P012,2026-06-23,4,899,150,3446.0,Completed
O003874,C0344,P013,2026-08-18,3,3499,500,9997.0,Completed
O003875,C0370,P008,2026-09-02,1,2299,0,2299.0,Returned
O003876,C0320,P010,2026-06-06,4,1599,300,6096.0,Completed
O003877,C0195,P010,2026-06-14,2,1599,300,2898.0,Completed
O003878,C0065,P009,2026-06-12,2,1499,100,2898.0,Completed
O003879,C0240,P005,2026-08-09,4,999,300,3696.0,Returned
O003880,C0176,P011,2026-05-08,4,1299,0,5196.0,Cancelled
O003881,C0384,P012,2026-04-13,4,899,500,3096.0,Completed
O003882,C0113,P014,2026-08-13,1,5999,0,5999.0,Completed
O003883,C0017,P010,2026-07-25,3,1599,300,4497.0,Completed
O003884,C0084,P014,2026-05-15,2,5999,500,11498.0,Completed
O003885,C0067,P004,2026-05-27,4,5499,150,21846.0,Completed
O003886,C0456,P009,2026-05-22,2,1499,200,2798.0,Completed
O003887,C0426,P007,2026-08-27,4,1799,300,6896.0,Completed
O003888,C0328,P003,2026-07-12,3,2999,50,8947.0,Completed
O003889,C0110,P010,2026-08-05,2,1599,100,3098.0,Completed
O003890,C0327,P003,2026-05-22,1,2999,50,2949.0,Completed
O003891,C0014,P010,2026-09-14,1,1599,150,1449.0,Cancelled
O003892,C0036,P007,2026-05-05,2,1799,100,3498.0,Completed
O003893,C0133,P003,2026-07-26,2,2999,150,5848.0,Completed
O003894,C0300,P010,2026-09-10,2,1599,0,3198.0,Completed
O003895,C0429,P006,2026-05-29,1,2799,200,2599.0,Completed
O003896,C0066,P015,2026-07-13,4,1199,0,4796.0,Completed
O003897,C0277,P012,2026-08-10,1,899,100,799.0,Returned
O003898,C0065,P001,2026-06-02,1,2499,300,2199.0,Cancelled
O003899,C0100,P011,2026-07-10,2,1299,50,2548.0,Cancelled
O003900,C0371,P013,2026-07-26,2,3499,50,6948.0,Completed
O003901,C0229,P004,2026-07-06,2,5499,0,10998.0,Completed
O003902,C0244,P012,2026-07-02,1,899,300,599.0,Completed
O003903,C0375,P008,2026-03-22,1,2299,500,1799.0,Completed
O003904,C0169,P001,2026-03-30,2,2499,300,4698.0,Completed
O003905,C0145,P003,2026-08-30,3,2999,50,8947.0,Completed
O003906,C0374,P014,2026-06-06,1,5999,500,5499.0,Completed
O003907,C0067,P015,2026-03-26,4,1199,150,4646.0,Completed
O003908,C0456,P007,2026-07-29,4,1799,200,6996.0,Completed
O003909,C0223,P007,2026-08-14,2,1799,200,3398.0,Completed
O003910,C0440,P015,2026-03-25,4,1199,50,4746.0,Completed
O003911,C0113,P012,2026-07-30,4,899,100,3496.0,Completed
O003912,C0164,P011,2026-07-05,4,1299,150,5046.0,Completed
O003913,C0127,P010,2026-06-10,4,1599,150,6246.0,Completed
O003914,C0326,P010,2026-08-02,2,1599,0,3198.0,Completed
O003915,C0291,P012,2026-08-22,4,899,150,3446.0,Completed
O003916,C0117,P010,2026-08-19,4,1599,0,6396.0,Completed
O003917,C0468,P006,2026-06-02,3,2799,0,8397.0,Completed
O003918,C0413,P011,2026-07-06,2,1299,50,2548.0,Completed
O003919,C0211,P005,2026-04-24,2,999,50,1948.0,Completed
O003920,C0294,P005,2026-04-24,4,999,0,3996.0,Completed
O003921,C0366,P009,2026-06-14,1,1499,0,1499.0,Completed
O003922,C0273,P015,2026-05-25,3,1199,100,3497.0,Completed
O003923,C0352,P002,2026-07-11,2,3999,500,7498.0,Completed
O003924,C0480,P015,2026-05-10,2,1199,50,2348.0,Completed
O003925,C0254,P012,2026-06-06,3,899,500,2197.0,Completed
O003926,C0468,P015,2026-07-01,2,1199,200,2198.0,Completed
O003927,C0384,P009,2026-07-31,4,1499,0,5996.0,Completed
O003928,C0252,P003,2026-07-15,2,2999,100,5898.0,Completed
O003929,C0262,P011,2026-06-14,4,1299,0,5196.0,Completed
O003930,C0444,P005,2026-08-02,1,999,300,699.0,Completed
O003931,C0352,P002,2026-08-16,2,3999,150,7848.0,Completed
O003932,C0192,P005,2026-06-30,4,999,150,3846.0,Completed
O003933,C0343,P006,2026-08-28,4,2799,500,10696.0,Completed
O003934,C0396,P013,2026-09-11,4,3499,100,13896.0,Completed
O003935,C0002,P014,2026-05-12,4,5999,50,23946.0,Completed
O003936,C0065,P001,2026-07-06,1,2499,50,2449.0,Completed
O003937,C0192,P003,2026-07-07,1,2999,0,2999.0,Completed
O003938,C0474,P006,2026-06-01,4,2799,300,10896.0,Completed
O003939,C0332,P015,2026-06-13,4,1199,200,4596.0,Completed
O003940,C0166,P015,2026-04-16,4,1199,200,4596.0,Cancelled
O003941,C0080,P005,2026-05-31,4,999,300,3696.0,Completed
O003942,C0028,P007,2026-08-02,4,1799,200,6996.0,Completed
O003943,C0198,P013,2026-09-12,2,3499,150,6848.0,Completed
O003944,C0041,P007,2026-05-26,4,1799,200,6996.0,Completed
O003945,C0075,P003,2026-05-27,3,2999,150,8847.0,Completed
O003946,C0245,P010,2026-03-23,4,1599,150,6246.0,Completed
O003947,C0444,P014,2026-08-04,2,5999,100,11898.0,Completed
O003948,C0256,P007,2026-06-11,1,1799,100,1699.0,Completed
O003949,C0454,P001,2026-03-27,1,2499,500,1999.0,Returned
O003950,C0196,P004,2026-05-29,1,5499,150,5349.0,Completed
O003951,C0098,P009,2026-05-05,4,1499,0,5996.0,Completed
O003952,C0351,P006,2026-03-29,1,2799,100,2699.0,Cancelled
O003953,C0398,P014,2026-05-15,3,5999,0,17997.0,Completed
O003954,C0282,P001,2026-08-24,4,2499,0,9996.0,Completed
O003955,C0236,P014,2026-05-30,4,5999,50,23946.0,Completed
O003956,C0074,P009,2026-05-14,3,1499,0,4497.0,Completed
O003957,C0302,P005,2026-06-11,1,999,150,849.0,Completed
O003958,C0226,P004,2026-09-14,3,5499,300,16197.0,Completed
O003959,C0244,P001,2026-09-01,3,2499,500,6997.0,Completed
O003960,C0104,P010,2026-06-16,3,1599,0,4797.0,Completed
O003961,C0317,P013,2026-09-06,1,3499,50,3449.0,Cancelled
O003962,C0001,P003,2026-04-28,3,2999,150,8847.0,Completed
O003963,C0420,P014,2026-04-14,1,5999,100,5899.0,Completed
O003964,C0253,P010,2026-08-02,2,1599,200,2998.0,Completed
O003965,C0439,P014,2026-05-09,1,5999,500,5499.0,Completed
O003966,C0075,P001,2026-08-13,2,2499,0,4998.0,Completed
O003967,C0332,P008,2026-08-05,4,2299,150,9046.0,Completed
O003968,C0171,P010,2026-09-06,3,1599,0,4797.0,Completed
O003969,C0245,P015,2026-09-13,4,1199,150,4646.0,Completed
O003970,C0078,P004,2026-08-24,1,5499,50,5449.0,Completed
O003971,C0324,P009,2026-04-18,4,1499,150,5846.0,Completed
O003972,C0078,P004,2026-07-09,2,5499,50,10948.0,Completed
O003973,C0325,P006,2026-05-03,4,2799,150,11046.0,Completed
O003974,C0439,P008,2026-04-16,3,2299,100,6797.0,Completed
O003975,C0215,P004,2026-07-03,1,5499,300,5199.0,Completed
O003976,C0294,P004,2026-04-14,1,5499,200,5299.0,Cancelled
O003977,C0253,P015,2026-08-07,1,1199,500,699.0,Completed
O003978,C0134,P013,2026-06-22,2,3499,300,6698.0,Completed
O003979,C0273,P005,2026-07-07,4,999,0,3996.0,Completed
O003980,C0110,P003,2026-05-17,4,2999,50,11946.0,Completed
O003981,C0065,P008,2026-05-04,1,2299,50,2249.0,Completed
O003982,C0343,P014,2026-07-09,1,5999,0,5999.0,Completed
O003983,C0124,P014,2026-09-09,4,5999,0,23996.0,Completed
O003984,C0127,P013,2026-08-17,4,3499,500,13496.0,Completed
O003985,C0117,P002,2026-07-27,4,3999,300,15696.0,Completed
O003986,C0092,P010,2026-07-15,1,1599,0,1599.0,Completed
O003987,C0225,P009,2026-08-18,1,1499,200,1299.0,Completed
O003988,C0239,P010,2026-06-24,1,1599,150,1449.0,Completed
O003989,C0301,P013,2026-07-03,4,3499,50,13946.0,Completed
O003990,C0098,P009,2026-07-05,3,1499,500,3997.0,Completed
O003991,C0015,P014,2026-09-13,2,5999,0,11998.0,Completed
O003992,C0044,P003,2026-09-12,2,2999,300,5698.0,Completed
O003993,C0062,P015,2026-04-13,1,1199,200,999.0,Completed
O003994,C0420,P009,2026-08-14,1,1499,50,1449.0,Completed
O003995,C0260,P009,2026-07-30,4,1499,0,5996.0,Completed
O003996,C0426,P013,2026-03-23,1,3499,500,2999.0,Completed
O003997,C0185,P012,2026-04-03,1,899,0,899.0,Completed
O003998,C0067,P004,2026-08-19,4,5499,50,21946.0,Completed
O003999,C0185,P009,2026-05-31,2,1499,100,2898.0,Completed
O004000,C0245,P011,2026-08-24,4,1299,150,5046.0,Completed
O004001,C0482,P001,2026-04-02,2,2499,200,4798.0,Completed
O004002,C0149,P008,2026-05-09,4,2299,100,9096.0,Completed
O004003,C0351,P008,2026-07-13,1,2299,500,1799.0,Completed
O004004,C0056,P013,2026-04-16,2,3499,100,6898.0,Completed
O004005,C0156,P011,2026-07-12,1,1299,200,1099.0,Completed
O004006,C0022,P006,2026-08-03,2,2799,0,5598.0,Completed
O004007,C0299,P011,2026-06-01,2,1299,150,2448.0,Completed
O004008,C0145,P006,2026-04-10,2,2799,0,5598.0,Completed
O004009,C0145,P015,2026-09-04,4,1199,0,4796.0,Completed
O004010,C0056,P013,2026-09-03,2,3499,100,6898.0,Completed
O004011,C0446,P001,2026-08-06,2,2499,300,4698.0,Cancelled
O004012,C0061,P006,2026-03-31,4,2799,0,11196.0,Completed
O004013,C0212,P015,2026-08-06,4,1199,500,4296.0,Completed
O004014,C0464,P003,2026-08-29,2,2999,150,5848.0,Completed
O004015,C0208,P009,2026-07-05,3,1499,150,4347.0,Cancelled
O004016,C0279,P013,2026-05-20,3,3499,0,10497.0,Completed
O004017,C0206,P012,2026-03-27,4,899,150,3446.0,Completed
O004018,C0101,P003,2026-05-16,3,2999,500,8497.0,Completed
O004019,C0244,P011,2026-06-20,2,1299,0,2598.0,Completed
O004020,C0241,P006,2026-08-22,4,2799,50,11146.0,Completed
O004021,C0336,P003,2026-04-17,4,2999,100,11896.0,Completed
O004022,C0497,P009,2026-04-25,2,1499,0,2998.0,Completed
O004023,C0049,P006,2026-09-02,3,2799,150,8247.0,Completed
O004024,C0430,P004,2026-06-06,2,5499,50,10948.0,Completed
O004025,C0448,P012,2026-08-09,3,899,0,2697.0,Completed
O004026,C0379,P005,2026-06-29,2,999,300,1698.0,Completed
O004027,C0228,P015,2026-06-04,2,1199,150,2248.0,Completed
O004028,C0444,P008,2026-05-06,3,2299,300,6597.0,Completed
O004029,C0157,P012,2026-09-04,3,899,150,2547.0,Completed
O004030,C0316,P008,2026-07-08,3,2299,0,6897.0,Completed
O004031,C0002,P006,2026-05-03,1,2799,50,2749.0,Completed
O004032,C0332,P002,2026-09-03,4,3999,0,15996.0,Completed
O004033,C0129,P015,2026-06-06,1,1199,100,1099.0,Completed
O004034,C0334,P008,2026-09-18,4,2299,0,9196.0,Completed
O004035,C0427,P009,2026-07-15,2,1499,500,2498.0,Completed
O004036,C0378,P003,2026-06-03,2,2999,300,5698.0,Completed
O004037,C0112,P004,2026-07-08,1,5499,50,5449.0,Returned
O004038,C0318,P006,2026-05-08,1,2799,300,2499.0,Completed
O004039,C0468,P004,2026-07-15,4,5499,300,21696.0,Completed
O004040,C0296,P012,2026-07-05,4,899,300,3296.0,Completed
O004041,C0043,P001,2026-06-30,2,2499,200,4798.0,Completed
O004042,C0126,P003,2026-04-23,1,2999,50,2949.0,Completed
O004043,C0352,P004,2026-04-09,3,5499,0,16497.0,Completed
O004044,C0096,P012,2026-08-10,4,899,300,3296.0,Completed
O004045,C0204,P008,2026-04-15,3,2299,0,6897.0,Completed
O004046,C0222,P010,2026-04-29,1,1599,200,1399.0,Completed
O004047,C0125,P014,2026-05-31,4,5999,0,23996.0,Completed
O004048,C0307,P003,2026-06-19,2,2999,100,5898.0,Completed
O004049,C0142,P014,2026-07-11,4,5999,200,23796.0,Completed
O004050,C0069,P014,2026-04-19,4,5999,0,23996.0,Completed
O004051,C0114,P008,2026-05-16,2,2299,300,4298.0,Completed
O004052,C0290,P013,2026-08-25,3,3499,300,10197.0,Completed
O004053,C0163,P010,2026-07-24,2,1599,50,3148.0,Completed
O004054,C0176,P014,2026-06-06,3,5999,0,17997.0,Completed
O004055,C0018,P004,2026-05-06,3,5499,0,16497.0,Completed
O004056,C0152,P006,2026-05-30,1,2799,100,2699.0,Completed
O004057,C0483,P011,2026-07-23,3,1299,300,3597.0,Completed
O004058,C0255,P015,2026-06-06,2,1199,0,2398.0,Completed
O004059,C0111,P004,2026-06-22,1,5499,150,5349.0,Completed
O004060,C0377,P012,2026-09-13,1,899,200,699.0,Completed
O004061,C0285,P014,2026-06-21,2,5999,50,11948.0,Completed
O004062,C0118,P012,2026-08-19,4,899,500,3096.0,Completed
O004063,C0100,P002,2026-06-04,2,3999,0,7998.0,Completed
O004064,C0149,P005,2026-07-26,2,999,500,1498.0,Completed
O004065,C0206,P002,2026-09-16,2,3999,0,7998.0,Completed
O004066,C0176,P009,2026-04-16,1,1499,0,1499.0,Completed
O004067,C0256,P008,2026-06-09,2,2299,0,4598.0,Completed
O004068,C0047,P006,2026-05-25,1,2799,0,2799.0,Completed
O004069,C0236,P009,2026-08-30,4,1499,50,5946.0,Completed
O004070,C0413,P001,2026-08-09,4,2499,0,9996.0,Completed
O004071,C0027,P010,2026-07-08,4,1599,200,6196.0,Completed
O004072,C0150,P013,2026-07-04,4,3499,0,13996.0,Completed
O004073,C0327,P014,2026-07-09,1,5999,50,5949.0,Completed
O004074,C0329,P004,2026-06-25,2,5499,0,10998.0,Returned
O004075,C0082,P012,2026-07-03,2,899,0,1798.0,Completed
O004076,C0082,P004,2026-07-28,1,5499,50,5449.0,Completed
O004077,C0152,P011,2026-09-10,3,1299,0,3897.0,Completed
O004078,C0436,P003,2026-04-15,2,2999,150,5848.0,Completed
O004079,C0404,P003,2026-07-04,1,2999,300,2699.0,Completed
O004080,C0057,P006,2026-06-11,1,2799,150,2649.0,Completed
O004081,C0276,P003,2026-07-02,1,2999,0,2999.0,Completed
O004082,C0115,P004,2026-04-25,2,5499,50,10948.0,Completed
O004083,C0126,P001,2026-05-20,1,2499,200,2299.0,Completed
O004084,C0291,P003,2026-04-03,2,2999,50,5948.0,Completed
O004085,C0069,P011,2026-09-07,1,1299,0,1299.0,Completed
O004086,C0388,P001,2026-05-14,1,2499,0,2499.0,Completed
O004087,C0142,P004,2026-05-10,2,5499,0,10998.0,Completed
O004088,C0080,P006,2026-04-20,2,2799,300,5298.0,Completed
O004089,C0078,P004,2026-07-05,3,5499,200,16297.0,Completed
O004090,C0151,P003,2026-05-08,2,2999,150,5848.0,Completed
O004091,C0137,P013,2026-07-09,3,3499,500,9997.0,Completed
O004092,C0080,P005,2026-05-10,4,999,300,3696.0,Completed
O004093,C0383,P001,2026-07-11,3,2499,100,7397.0,Completed
O004094,C0319,P011,2026-05-31,4,1299,100,5096.0,Completed
O004095,C0266,P011,2026-08-28,3,1299,50,3847.0,Completed
O004096,C0108,P006,2026-06-15,4,2799,0,11196.0,Completed
O004097,C0181,P007,2026-08-13,3,1799,200,5197.0,Completed
O004098,C0119,P008,2026-06-24,4,2299,50,9146.0,Completed
O004099,C0458,P011,2026-07-06,1,1299,300,999.0,Completed
O004100,C0119,P008,2026-05-24,3,2299,100,6797.0,Completed
O004101,C0287,P012,2026-06-03,3,899,50,2647.0,Completed
O004102,C0398,P005,2026-06-11,4,999,300,3696.0,Completed
O004103,C0154,P004,2026-08-31,4,5499,50,21946.0,Completed
O004104,C0281,P009,2026-04-30,3,1499,100,4397.0,Completed
O004105,C0461,P015,2026-08-20,4,1199,500,4296.0,Completed
O004106,C0057,P006,2026-05-01,4,2799,0,11196.0,Completed
O004107,C0453,P011,2026-08-29,4,1299,100,5096.0,Completed
O004108,C0105,P006,2026-09-06,3,2799,100,8297.0,Completed
O004109,C0265,P006,2026-09-09,4,2799,100,11096.0,Completed
O004110,C0198,P013,2026-08-06,1,3499,300,3199.0,Completed
O004111,C0276,P008,2026-07-06,2,2299,0,4598.0,Completed
O004112,C0451,P004,2026-06-30,1,5499,0,5499.0,Completed
O004113,C0247,P011,2026-04-13,2,1299,500,2098.0,Completed
O004114,C0015,P008,2026-04-24,2,2299,500,4098.0,Completed
O004115,C0233,P012,2026-04-15,2,899,0,1798.0,Completed
O004116,C0304,P007,2026-08-11,4,1799,0,7196.0,Completed
O004117,C0184,P012,2026-04-21,3,899,100,2597.0,Completed
O004118,C0065,P005,2026-08-20,4,999,100,3896.0,Completed
O004119,C0400,P013,2026-05-08,4,3499,300,13696.0,Completed
O004120,C0126,P014,2026-06-29,2,5999,50,11948.0,Completed
O004121,C0136,P006,2026-05-09,4,2799,100,11096.0,Completed
O004122,C0224,P003,2026-05-16,3,2999,0,8997.0,Completed
O004123,C0279,P005,2026-05-07,1,999,0,999.0,Completed
O004124,C0355,P015,2026-08-14,4,1199,150,4646.0,Completed
O004125,C0310,P007,2026-07-05,4,1799,0,7196.0,Completed
O004126,C0267,P004,2026-05-17,2,5499,200,10798.0,Completed
O004127,C0022,P002,2026-05-04,4,3999,0,15996.0,Completed
O004128,C0396,P010,2026-07-02,1,1599,0,1599.0,Completed
O004129,C0114,P010,2026-04-11,3,1599,0,4797.0,Completed
O004130,C0108,P005,2026-07-21,3,999,100,2897.0,Completed
O004131,C0201,P014,2026-09-13,4,5999,100,23896.0,Completed
O004132,C0408,P002,2026-08-13,3,3999,0,11997.0,Completed
O004133,C0351,P005,2026-04-09,1,999,0,999.0,Completed
O004134,C0238,P010,2026-04-09,2,1599,0,3198.0,Cancelled
O004135,C0475,P009,2026-07-02,1,1499,0,1499.0,Completed
O004136,C0127,P010,2026-04-03,1,1599,0,1599.0,Completed
O004137,C0328,P015,2026-04-29,2,1199,0,2398.0,Completed
O004138,C0436,P015,2026-04-21,4,1199,300,4496.0,Completed
O004139,C0262,P001,2026-05-24,1,2499,0,2499.0,Completed
O004140,C0065,P014,2026-07-28,2,5999,150,11848.0,Completed
O004141,C0487,P006,2026-04-30,3,2799,150,8247.0,Cancelled
O004142,C0098,P006,2026-07-08,2,2799,0,5598.0,Completed
O004143,C0234,P010,2026-08-20,1,1599,500,1099.0,Completed
O004144,C0482,P009,2026-04-11,4,1499,0,5996.0,Completed
O004145,C0235,P002,2026-04-20,1,3999,500,3499.0,Completed
O004146,C0068,P013,2026-03-26,1,3499,150,3349.0,Cancelled
O004147,C0142,P015,2026-05-02,4,1199,0,4796.0,Cancelled
O004148,C0249,P009,2026-04-14,1,1499,150,1349.0,Completed
O004149,C0439,P009,2026-06-11,4,1499,150,5846.0,Completed
O004150,C0236,P015,2026-07-11,1,1199,100,1099.0,Completed
O004151,C0244,P006,2026-06-05,4,2799,300,10896.0,Completed
O004152,C0083,P010,2026-08-10,1,1599,100,1499.0,Completed
O004153,C0044,P001,2026-08-26,4,2499,150,9846.0,Cancelled
O004154,C0329,P007,2026-05-04,1,1799,150,1649.0,Completed
O004155,C0073,P002,2026-04-03,3,3999,150,11847.0,Completed
O004156,C0111,P002,2026-06-14,3,3999,100,11897.0,Completed
O004157,C0295,P011,2026-06-29,4,1299,50,5146.0,Completed
O004158,C0264,P005,2026-05-03,3,999,200,2797.0,Cancelled
O004159,C0081,P013,2026-04-10,4,3499,150,13846.0,Completed
O004160,C0318,P006,2026-04-07,3,2799,500,7897.0,Returned
O004161,C0228,P010,2026-07-09,3,1599,200,4597.0,Completed
O004162,C0127,P009,2026-03-29,2,1499,0,2998.0,Completed
O004163,C0295,P011,2026-07-15,3,1299,300,3597.0,Completed
O004164,C0332,P015,2026-06-23,4,1199,100,4696.0,Completed
O004165,C0244,P005,2026-07-14,2,999,50,1948.0,Completed
O004166,C0048,P008,2026-07-03,2,2299,300,4298.0,Completed
O004167,C0328,P006,2026-03-28,4,2799,200,10996.0,Completed
O004168,C0459,P001,2026-09-07,4,2499,0,9996.0,Completed
O004169,C0134,P014,2026-05-17,3,5999,0,17997.0,Completed
O004170,C0428,P007,2026-05-27,4,1799,50,7146.0,Completed
O004171,C0352,P009,2026-03-23,4,1499,0,5996.0,Completed
O004172,C0321,P014,2026-08-07,4,5999,300,23696.0,Completed
O004173,C0337,P005,2026-04-25,1,999,500,499.0,Completed
O004174,C0003,P008,2026-05-10,4,2299,50,9146.0,Completed
O004175,C0059,P002,2026-04-26,3,3999,50,11947.0,Completed
O004176,C0267,P003,2026-08-11,2,2999,50,5948.0,Completed
O004177,C0006,P009,2026-06-13,3,1499,500,3997.0,Completed
O004178,C0252,P004,2026-03-30,3,5499,150,16347.0,Completed
O004179,C0050,P001,2026-08-23,3,2499,500,6997.0,Completed
O004180,C0106,P006,2026-05-24,1,2799,0,2799.0,Completed
O004181,C0019,P014,2026-06-11,3,5999,100,17897.0,Returned
O004182,C0491,P008,2026-09-02,2,2299,50,4548.0,Completed
O004183,C0067,P015,2026-06-04,1,1199,300,899.0,Completed
O004184,C0352,P015,2026-08-11,3,1199,500,3097.0,Cancelled
O004185,C0296,P013,2026-03-29,4,3499,100,13896.0,Completed
O004186,C0260,P001,2026-06-06,1,2499,0,2499.0,Completed
O004187,C0129,P015,2026-06-07,3,1199,100,3497.0,Completed
O004188,C0151,P014,2026-09-05,2,5999,0,11998.0,Completed
O004189,C0231,P009,2026-06-03,4,1499,500,5496.0,Completed
O004190,C0318,P003,2026-04-12,1,2999,50,2949.0,Completed
O004191,C0339,P009,2026-06-28,2,1499,0,2998.0,Completed
O004192,C0157,P008,2026-07-18,1,2299,100,2199.0,Completed
O004193,C0396,P002,2026-05-17,2,3999,0,7998.0,Completed
O004194,C0310,P012,2026-05-22,4,899,150,3446.0,Completed
O004195,C0193,P010,2026-06-14,1,1599,200,1399.0,Completed
O004196,C0494,P006,2026-08-20,4,2799,200,10996.0,Completed
O004197,C0352,P013,2026-05-08,1,3499,150,3349.0,Completed
O004198,C0378,P001,2026-08-14,4,2499,300,9696.0,Completed
O004199,C0350,P005,2026-08-02,3,999,50,2947.0,Completed
O004200,C0262,P007,2026-04-08,1,1799,300,1499.0,Completed
O004201,C0185,P006,2026-05-22,4,2799,500,10696.0,Completed
O004202,C0387,P005,2026-04-02,3,999,500,2497.0,Completed
O004203,C0147,P003,2026-04-14,4,2999,300,11696.0,Completed
O004204,C0200,P011,2026-08-19,1,1299,150,1149.0,Completed
O004205,C0030,P003,2026-08-31,3,2999,100,8897.0,Completed
O004206,C0127,P004,2026-08-26,4,5499,300,21696.0,Completed
O004207,C0324,P010,2026-05-29,4,1599,150,6246.0,Completed
O004208,C0396,P014,2026-06-12,4,5999,50,23946.0,Completed
O004209,C0423,P001,2026-05-22,3,2499,50,7447.0,Completed
O004210,C0474,P005,2026-06-07,2,999,100,1898.0,Completed
O004211,C0392,P001,2026-07-16,3,2499,0,7497.0,Completed
O004212,C0144,P002,2026-05-24,3,3999,200,11797.0,Returned
O004213,C0191,P010,2026-08-05,1,1599,200,1399.0,Completed
O004214,C0224,P005,2026-05-05,1,999,300,699.0,Completed
O004215,C0273,P013,2026-05-02,4,3499,0,13996.0,Completed
O004216,C0174,P008,2026-05-15,1,2299,100,2199.0,Completed
O004217,C0071,P010,2026-06-21,3,1599,150,4647.0,Completed
O004218,C0104,P014,2026-09-01,1,5999,200,5799.0,Completed
O004219,C0422,P003,2026-04-02,4,2999,100,11896.0,Completed
O004220,C0478,P014,2026-06-30,2,5999,300,11698.0,Completed
O004221,C0464,P012,2026-05-01,1,899,500,399.0,Completed
O004222,C0135,P003,2026-03-28,2,2999,50,5948.0,Completed
O004223,C0196,P008,2026-06-21,2,2299,0,4598.0,Completed
O004224,C0294,P003,2026-08-23,4,2999,300,11696.0,Completed
O004225,C0451,P014,2026-05-17,1,5999,300,5699.0,Cancelled
O004226,C0429,P006,2026-04-22,1,2799,100,2699.0,Completed
O004227,C0290,P003,2026-08-05,1,2999,150,2849.0,Completed
O004228,C0430,P006,2026-04-29,1,2799,50,2749.0,Completed
O004229,C0051,P011,2026-08-16,1,1299,0,1299.0,Completed
O004230,C0113,P004,2026-07-25,3,5499,100,16397.0,Completed
O004231,C0047,P010,2026-04-05,1,1599,0,1599.0,Completed
O004232,C0082,P012,2026-04-16,3,899,300,2397.0,Completed
O004233,C0082,P014,2026-09-11,3,5999,300,17697.0,Completed
O004234,C0237,P002,2026-08-22,3,3999,200,11797.0,Completed
O004235,C0373,P008,2026-03-22,2,2299,100,4498.0,Completed
O004236,C0398,P006,2026-05-20,2,2799,50,5548.0,Completed
O004237,C0182,P011,2026-08-05,4,1299,500,4696.0,Completed
O004238,C0127,P006,2026-07-12,4,2799,150,11046.0,Completed
O004239,C0438,P004,2026-04-21,4,5499,0,21996.0,Completed
O004240,C0491,P013,2026-09-11,3,3499,100,10397.0,Completed
O004241,C0478,P002,2026-07-27,1,3999,500,3499.0,Completed
O004242,C0203,P012,2026-04-05,4,899,200,3396.0,Completed
O004243,C0329,P008,2026-04-23,4,2299,0,9196.0,Completed
O004244,C0280,P003,2026-07-22,1,2999,200,2799.0,Completed
O004245,C0196,P011,2026-04-30,1,1299,0,1299.0,Completed
O004246,C0038,P011,2026-07-22,1,1299,300,999.0,Completed
O004247,C0344,P015,2026-06-28,4,1199,0,4796.0,Completed
O004248,C0234,P011,2026-06-15,4,1299,100,5096.0,Completed
O004249,C0073,P004,2026-08-07,4,5499,0,21996.0,Completed
O004250,C0077,P002,2026-08-31,2,3999,300,7698.0,Completed
O004251,C0127,P011,2026-05-17,3,1299,300,3597.0,Completed
O004252,C0047,P002,2026-08-24,3,3999,50,11947.0,Completed
O004253,C0014,P001,2026-07-16,1,2499,100,2399.0,Completed
O004254,C0396,P015,2026-05-23,2,1199,50,2348.0,Completed
O004255,C0041,P004,2026-07-11,2,5499,150,10848.0,Completed
O004256,C0329,P011,2026-08-25,4,1299,300,4896.0,Completed
O004257,C0234,P013,2026-07-25,3,3499,0,10497.0,Completed
O004258,C0092,P013,2026-06-17,4,3499,300,13696.0,Completed
O004259,C0464,P006,2026-04-01,2,2799,50,5548.0,Completed
O004260,C0398,P005,2026-06-20,1,999,300,699.0,Completed
O004261,C0209,P007,2026-07-10,3,1799,50,5347.0,Completed
O004262,C0407,P015,2026-04-07,2,1199,200,2198.0,Completed
O004263,C0236,P003,2026-06-18,3,2999,200,8797.0,Completed
O004264,C0420,P015,2026-06-23,2,1199,500,1898.0,Completed
O004265,C0145,P015,2026-07-05,4,1199,500,4296.0,Completed
O004266,C0214,P009,2026-05-01,3,1499,300,4197.0,Completed
O004267,C0424,P013,2026-04-21,3,3499,200,10297.0,Completed
O004268,C0196,P011,2026-03-23,2,1299,200,2398.0,Returned
O004269,C0282,P003,2026-06-28,4,2999,200,11796.0,Completed
O004270,C0151,P014,2026-09-10,1,5999,50,5949.0,Completed
O004271,C0205,P013,2026-07-06,2,3499,500,6498.0,Completed
O004272,C0082,P010,2026-09-17,2,1599,200,2998.0,Completed
O004273,C0213,P010,2026-09-13,2,1599,150,3048.0,Completed
O004274,C0454,P003,2026-08-16,1,2999,50,2949.0,Completed
O004275,C0212,P014,2026-05-08,3,5999,0,17997.0,Completed
O004276,C0089,P005,2026-08-09,4,999,500,3496.0,Cancelled
O004277,C0350,P015,2026-06-18,1,1199,150,1049.0,Cancelled
O004278,C0370,P010,2026-06-25,4,1599,50,6346.0,Completed
O004279,C0248,P005,2026-03-28,1,999,500,499.0,Completed
O004280,C0326,P010,2026-06-04,2,1599,0,3198.0,Completed
O004281,C0344,P014,2026-05-10,2,5999,100,11898.0,Completed
O004282,C0377,P015,2026-08-14,2,1199,0,2398.0,Completed
O004283,C0122,P006,2026-07-24,1,2799,300,2499.0,Completed
O004284,C0375,P008,2026-05-11,1,2299,300,1999.0,Completed
O004285,C0102,P011,2026-05-12,2,1299,300,2298.0,Completed
O004286,C0036,P003,2026-04-03,2,2999,0,5998.0,Completed
O004287,C0369,P011,2026-04-23,3,1299,150,3747.0,Completed
O004288,C0117,P013,2026-05-15,2,3499,100,6898.0,Completed
O004289,C0221,P011,2026-07-30,4,1299,0,5196.0,Completed
O004290,C0351,P009,2026-09-01,4,1499,500,5496.0,Completed
O004291,C0094,P007,2026-09-01,1,1799,200,1599.0,Completed
O004292,C0300,P015,2026-08-22,3,1199,300,3297.0,Completed
O004293,C0273,P006,2026-08-14,4,2799,150,11046.0,Completed
O004294,C0027,P002,2026-05-27,2,3999,50,7948.0,Completed
O004295,C0390,P014,2026-06-25,1,5999,100,5899.0,Completed
O004296,C0328,P015,2026-04-18,1,1199,0,1199.0,Completed
O004297,C0133,P007,2026-06-18,1,1799,500,1299.0,Completed
O004298,C0253,P012,2026-05-16,1,899,0,899.0,Returned
O004299,C0377,P009,2026-05-26,1,1499,150,1349.0,Completed
O004300,C0032,P005,2026-05-22,1,999,150,849.0,Completed
O004301,C0195,P007,2026-09-13,3,1799,0,5397.0,Completed
O004302,C0150,P004,2026-07-31,1,5499,150,5349.0,Completed
O004303,C0234,P005,2026-06-20,4,999,200,3796.0,Completed
O004304,C0089,P001,2026-07-03,1,2499,0,2499.0,Completed
O004305,C0147,P007,2026-04-19,3,1799,500,4897.0,Completed
O004306,C0426,P008,2026-04-14,3,2299,0,6897.0,Returned
O004307,C0301,P001,2026-09-06,2,2499,500,4498.0,Completed
O004308,C0473,P010,2026-09-17,2,1599,500,2698.0,Completed
O004309,C0050,P002,2026-07-08,3,3999,300,11697.0,Cancelled
O004310,C0247,P007,2026-08-14,1,1799,0,1799.0,Completed
O004311,C0433,P014,2026-06-21,4,5999,500,23496.0,Completed
O004312,C0360,P009,2026-05-01,2,1499,100,2898.0,Completed
O004313,C0234,P014,2026-03-29,1,5999,200,5799.0,Completed
O004314,C0256,P004,2026-05-26,3,5499,100,16397.0,Completed
O004315,C0259,P002,2026-06-13,3,3999,300,11697.0,Completed
O004316,C0073,P009,2026-06-23,3,1499,100,4397.0,Returned
O004317,C0115,P010,2026-05-01,2,1599,150,3048.0,Completed
O004318,C0330,P003,2026-09-17,1,2999,500,2499.0,Completed
O004319,C0270,P001,2026-08-07,1,2499,200,2299.0,Completed
O004320,C0484,P007,2026-08-23,4,1799,500,6696.0,Completed
O004321,C0002,P014,2026-04-29,2,5999,0,11998.0,Completed
O004322,C0157,P004,2026-05-06,2,5499,500,10498.0,Completed
O004323,C0181,P007,2026-06-11,2,1799,150,3448.0,Completed
O004324,C0175,P013,2026-06-11,1,3499,50,3449.0,Completed
O004325,C0247,P006,2026-04-18,3,2799,300,8097.0,Returned
O004326,C0002,P013,2026-03-23,4,3499,100,13896.0,Completed
O004327,C0275,P015,2026-03-24,4,1199,50,4746.0,Completed
O004328,C0392,P014,2026-07-23,2,5999,50,11948.0,Completed
O004329,C0231,P008,2026-07-28,1,2299,0,2299.0,Completed
O004330,C0148,P003,2026-05-11,4,2999,300,11696.0,Completed
O004331,C0299,P001,2026-04-12,1,2499,500,1999.0,Completed
O004332,C0027,P014,2026-04-27,2,5999,150,11848.0,Completed
O004333,C0341,P005,2026-09-11,4,999,100,3896.0,Returned
O004334,C0160,P012,2026-07-20,4,899,500,3096.0,Completed
O004335,C0309,P014,2026-09-11,4,5999,0,23996.0,Completed
O004336,C0318,P008,2026-06-23,1,2299,300,1999.0,Completed
O004337,C0210,P006,2026-07-16,4,2799,300,10896.0,Completed
O004338,C0025,P010,2026-05-10,4,1599,100,6296.0,Completed
O004339,C0119,P001,2026-04-29,1,2499,200,2299.0,Completed
O004340,C0431,P014,2026-09-10,3,5999,50,17947.0,Completed
O004341,C0360,P006,2026-08-28,2,2799,500,5098.0,Completed
O004342,C0352,P003,2026-08-17,2,2999,0,5998.0,Completed
O004343,C0117,P004,2026-03-27,1,5499,500,4999.0,Completed
O004344,C0127,P008,2026-04-03,2,2299,300,4298.0,Completed
O004345,C0152,P008,2026-06-14,1,2299,0,2299.0,Completed
O004346,C0354,P002,2026-07-01,1,3999,0,3999.0,Completed
O004347,C0476,P003,2026-03-29,4,2999,0,11996.0,Completed
O004348,C0068,P007,2026-09-09,3,1799,100,5297.0,Completed
O004349,C0231,P015,2026-08-11,3,1199,500,3097.0,Completed
O004350,C0093,P004,2026-07-29,3,5499,150,16347.0,Completed
O004351,C0094,P006,2026-08-22,4,2799,0,11196.0,Completed
O004352,C0127,P010,2026-08-14,4,1599,500,5896.0,Completed
O004353,C0117,P007,2026-08-31,2,1799,300,3298.0,Completed
O004354,C0127,P011,2026-03-27,2,1299,50,2548.0,Completed
O004355,C0050,P008,2026-07-08,2,2299,300,4298.0,Completed
O004356,C0398,P009,2026-06-30,2,1499,150,2848.0,Completed
O004357,C0119,P014,2026-09-09,2,5999,500,11498.0,Completed
O004358,C0002,P001,2026-03-27,1,2499,50,2449.0,Completed
O004359,C0332,P001,2026-09-08,1,2499,150,2349.0,Completed
O004360,C0405,P001,2026-08-19,3,2499,0,7497.0,Completed
O004361,C0392,P006,2026-04-27,3,2799,100,8297.0,Completed
O004362,C0062,P007,2026-09-03,2,1799,0,3598.0,Completed
O004363,C0089,P004,2026-09-05,3,5499,300,16197.0,Completed
O004364,C0181,P010,2026-04-13,2,1599,0,3198.0,Completed
O004365,C0029,P012,2026-08-03,1,899,0,899.0,Completed
O004366,C0292,P004,2026-08-02,1,5499,500,4999.0,Completed
O004367,C0002,P013,2026-05-05,3,3499,0,10497.0,Completed
O004368,C0493,P004,2026-04-07,3,5499,150,16347.0,Completed
O004369,C0463,P010,2026-08-28,2,1599,0,3198.0,Completed
O004370,C0027,P015,2026-08-31,3,1199,100,3497.0,Completed
O004371,C0206,P002,2026-06-30,2,3999,300,7698.0,Completed
O004372,C0479,P011,2026-04-26,1,1299,0,1299.0,Cancelled
O004373,C0340,P011,2026-06-19,4,1299,0,5196.0,Completed
O004374,C0454,P013,2026-09-16,3,3499,500,9997.0,Cancelled
O004375,C0394,P008,2026-05-17,1,2299,200,2099.0,Completed
O004376,C0434,P014,2026-06-19,1,5999,0,5999.0,Completed
O004377,C0493,P004,2026-08-25,2,5499,0,10998.0,Completed
O004378,C0484,P004,2026-04-26,4,5499,150,21846.0,Completed
O004379,C0290,P002,2026-09-08,3,3999,50,11947.0,Completed
O004380,C0108,P008,2026-09-03,4,2299,200,8996.0,Completed
O004381,C0374,P002,2026-07-09,4,3999,500,15496.0,Completed
O004382,C0454,P002,2026-07-01,4,3999,500,15496.0,Completed
O004383,C0066,P011,2026-05-21,2,1299,300,2298.0,Completed
O004384,C0252,P015,2026-04-13,3,1199,0,3597.0,Completed
O004385,C0189,P015,2026-07-02,2,1199,500,1898.0,Completed
O004386,C0078,P003,2026-07-11,4,2999,300,11696.0,Completed
O004387,C0436,P012,2026-07-14,1,899,100,799.0,Completed
O004388,C0048,P007,2026-05-08,3,1799,50,5347.0,Completed
O004389,C0324,P010,2026-06-04,1,1599,500,1099.0,Completed
O004390,C0113,P013,2026-04-25,3,3499,0,10497.0,Completed
O004391,C0310,P008,2026-04-29,4,2299,500,8696.0,Completed
O004392,C0299,P014,2026-06-05,4,5999,300,23696.0,Completed
O004393,C0439,P004,2026-06-11,3,5499,0,16497.0,Completed
O004394,C0041,P015,2026-07-12,3,1199,0,3597.0,Completed
O004395,C0493,P013,2026-07-23,4,3499,200,13796.0,Completed
O004396,C0083,P010,2026-08-20,1,1599,50,1549.0,Returned
O004397,C0453,P006,2026-04-14,4,2799,200,10996.0,Completed
O004398,C0214,P002,2026-08-03,1,3999,150,3849.0,Completed
O004399,C0029,P014,2026-03-23,3,5999,0,17997.0,Completed
O004400,C0082,P005,2026-08-02,3,999,50,2947.0,Returned
O004401,C0271,P014,2026-09-01,4,5999,200,23796.0,Completed
O004402,C0027,P011,2026-04-27,2,1299,0,2598.0,Completed
O004403,C0010,P002,2026-06-17,1,3999,50,3949.0,Completed
O004404,C0035,P011,2026-07-26,4,1299,0,5196.0,Completed
O004405,C0279,P013,2026-09-07,1,3499,300,3199.0,Completed
O004406,C0157,P003,2026-05-19,2,2999,50,5948.0,Completed
O004407,C0196,P010,2026-08-31,2,1599,0,3198.0,Completed
O004408,C0181,P003,2026-07-27,1,2999,0,2999.0,Completed
O004409,C0012,P003,2026-06-28,3,2999,50,8947.0,Completed
O004410,C0206,P003,2026-06-23,3,2999,500,8497.0,Completed
O004411,C0491,P013,2026-09-16,3,3499,0,10497.0,Completed
O004412,C0240,P015,2026-06-08,1,1199,150,1049.0,Completed
O004413,C0332,P010,2026-09-11,3,1599,300,4497.0,Completed
O004414,C0241,P005,2026-08-07,1,999,300,699.0,Completed
O004415,C0404,P004,2026-05-25,3,5499,150,16347.0,Returned
O004416,C0102,P005,2026-06-01,3,999,0,2997.0,Completed
O004417,C0209,P015,2026-07-31,4,1199,200,4596.0,Completed
O004418,C0384,P014,2026-06-05,3,5999,100,17897.0,Completed
O004419,C0448,P004,2026-08-30,3,5499,300,16197.0,Completed
O004420,C0198,P014,2026-07-11,4,5999,100,23896.0,Cancelled
O004421,C0436,P005,2026-04-30,3,999,100,2897.0,Completed
O004422,C0331,P013,2026-06-23,4,3499,500,13496.0,Completed
O004423,C0002,P015,2026-05-01,3,1199,100,3497.0,Completed
O004424,C0326,P007,2026-06-06,2,1799,150,3448.0,Completed
O004425,C0374,P007,2026-06-21,3,1799,0,5397.0,Completed
O004426,C0371,P013,2026-04-06,3,3499,200,10297.0,Completed
O004427,C0370,P001,2026-07-02,2,2499,150,4848.0,Completed
O004428,C0377,P014,2026-07-17,1,5999,0,5999.0,Completed
O004429,C0080,P015,2026-09-16,2,1199,0,2398.0,Completed
O004430,C0106,P015,2026-08-20,4,1199,50,4746.0,Completed
O004431,C0319,P013,2026-05-22,3,3499,0,10497.0,Completed
O004432,C0019,P002,2026-06-15,4,3999,50,15946.0,Completed
O004433,C0161,P002,2026-09-11,3,3999,0,11997.0,Completed
O004434,C0352,P011,2026-06-17,1,1299,150,1149.0,Completed
O004435,C0082,P009,2026-05-14,1,1499,150,1349.0,Completed
O004436,C0465,P002,2026-08-21,2,3999,500,7498.0,Completed
O004437,C0346,P011,2026-07-25,2,1299,100,2498.0,Completed
O004438,C0436,P013,2026-04-11,3,3499,100,10397.0,Completed
O004439,C0371,P015,2026-04-27,1,1199,0,1199.0,Completed
O004440,C0162,P010,2026-05-03,1,1599,150,1449.0,Completed
O004441,C0082,P015,2026-04-29,4,1199,150,4646.0,Completed
O004442,C0439,P011,2026-09-08,4,1299,50,5146.0,Completed
O004443,C0351,P001,2026-05-18,3,2499,500,6997.0,Completed
O004444,C0268,P012,2026-06-04,3,899,200,2497.0,Completed
O004445,C0044,P005,2026-08-23,4,999,0,3996.0,Completed
O004446,C0315,P002,2026-04-15,2,3999,200,7798.0,Completed
O004447,C0333,P015,2026-06-21,3,1199,200,3397.0,Completed
O004448,C0347,P004,2026-07-06,4,5499,0,21996.0,Completed
O004449,C0082,P009,2026-07-16,1,1499,300,1199.0,Completed
O004450,C0215,P005,2026-04-26,4,999,0,3996.0,Completed
O004451,C0334,P006,2026-07-08,4,2799,200,10996.0,Completed
O004452,C0390,P014,2026-05-26,2,5999,300,11698.0,Completed
O004453,C0080,P013,2026-07-31,4,3499,0,13996.0,Completed
O004454,C0064,P009,2026-05-01,4,1499,300,5696.0,Completed
O004455,C0310,P015,2026-08-15,1,1199,300,899.0,Completed
O004456,C0299,P014,2026-03-27,4,5999,100,23896.0,Completed
O004457,C0109,P015,2026-07-11,3,1199,0,3597.0,Completed
O004458,C0490,P001,2026-03-30,3,2499,200,7297.0,Completed
O004459,C0370,P010,2026-09-11,2,1599,50,3148.0,Completed
O004460,C0201,P008,2026-05-05,2,2299,0,4598.0,Returned
O004461,C0101,P005,2026-06-08,2,999,0,1998.0,Completed
O004462,C0446,P015,2026-09-04,1,1199,150,1049.0,Completed
O004463,C0071,P006,2026-06-06,2,2799,300,5298.0,Completed
O004464,C0451,P011,2026-05-21,2,1299,50,2548.0,Completed
O004465,C0117,P003,2026-06-24,4,2999,200,11796.0,Completed
O004466,C0228,P003,2026-06-14,1,2999,0,2999.0,Completed
O004467,C0017,P012,2026-05-10,3,899,150,2547.0,Completed
O004468,C0249,P014,2026-05-24,2,5999,150,11848.0,Completed
O004469,C0305,P006,2026-03-31,2,2799,0,5598.0,Completed
O004470,C0448,P003,2026-04-21,4,2999,500,11496.0,Completed
O004471,C0058,P006,2026-04-28,1,2799,300,2499.0,Completed
O004472,C0062,P011,2026-06-29,4,1299,50,5146.0,Completed
O004473,C0495,P006,2026-05-15,1,2799,500,2299.0,Completed
O004474,C0244,P002,2026-09-13,4,3999,50,15946.0,Completed
O004475,C0382,P001,2026-08-27,4,2499,100,9896.0,Completed
O004476,C0053,P010,2026-08-14,2,1599,300,2898.0,Completed
O004477,C0403,P006,2026-09-11,4,2799,100,11096.0,Completed
O004478,C0398,P008,2026-06-21,1,2299,0,2299.0,Completed
O004479,C0245,P011,2026-03-22,4,1299,500,4696.0,Completed
O004480,C0133,P006,2026-05-11,1,2799,200,2599.0,Completed
O004481,C0124,P006,2026-05-06,1,2799,0,2799.0,Completed
O004482,C0397,P011,2026-08-12,4,1299,100,5096.0,Completed
O004483,C0304,P001,2026-09-01,2,2499,150,4848.0,Completed
O004484,C0029,P003,2026-07-15,3,2999,300,8697.0,Completed
O004485,C0027,P004,2026-03-24,1,5499,150,5349.0,Completed
O004486,C0367,P013,2026-07-04,2,3499,150,6848.0,Completed
O004487,C0224,P011,2026-08-29,3,1299,150,3747.0,Completed
O004488,C0359,P012,2026-07-08,2,899,100,1698.0,Completed
O004489,C0051,P001,2026-08-09,1,2499,100,2399.0,Completed
O004490,C0217,P003,2026-06-10,1,2999,0,2999.0,Completed
O004491,C0113,P005,2026-04-16,4,999,0,3996.0,Completed
O004492,C0078,P003,2026-05-21,1,2999,0,2999.0,Completed
O004493,C0264,P003,2026-05-05,3,2999,100,8897.0,Completed
O004494,C0266,P012,2026-09-10,2,899,0,1798.0,Completed
O004495,C0065,P012,2026-07-06,4,899,100,3496.0,Completed
O004496,C0111,P009,2026-05-23,1,1499,500,999.0,Completed
O004497,C0297,P001,2026-09-03,4,2499,150,9846.0,Completed
O004498,C0236,P003,2026-03-27,1,2999,0,2999.0,Completed
O004499,C0044,P005,2026-07-21,1,999,0,999.0,Completed
O004500,C0224,P002,2026-05-29,4,3999,100,15896.0,Completed
O004501,C0458,P013,2026-04-17,1,3499,200,3299.0,Completed
O004502,C0224,P001,2026-04-19,3,2499,0,7497.0,Completed
O004503,C0290,P013,2026-09-02,1,3499,150,3349.0,Completed
O004504,C0117,P015,2026-08-24,3,1199,300,3297.0,Completed
O004505,C0307,P007,2026-06-29,3,1799,200,5197.0,Completed
O004506,C0296,P003,2026-07-27,4,2999,300,11696.0,Completed
O004507,C0212,P008,2026-04-27,1,2299,300,1999.0,Completed
O004508,C0111,P010,2026-04-18,3,1599,300,4497.0,Completed
O004509,C0193,P013,2026-08-08,4,3499,500,13496.0,Completed
O004510,C0017,P006,2026-05-14,3,2799,500,7897.0,Completed
O004511,C0088,P009,2026-04-02,4,1499,150,5846.0,Completed
O004512,C0069,P004,2026-04-08,3,5499,300,16197.0,Completed
O004513,C0403,P007,2026-07-26,4,1799,50,7146.0,Completed
O004514,C0373,P004,2026-09-12,1,5499,150,5349.0,Completed
O004515,C0419,P008,2026-09-13,4,2299,0,9196.0,Completed
O004516,C0315,P011,2026-05-08,1,1299,200,1099.0,Completed
O004517,C0106,P002,2026-05-14,4,3999,300,15696.0,Completed
O004518,C0198,P005,2026-05-25,4,999,0,3996.0,Completed
O004519,C0177,P009,2026-03-27,4,1499,500,5496.0,Completed
O004520,C0267,P009,2026-03-29,2,1499,0,2998.0,Completed
O004521,C0102,P008,2026-05-19,2,2299,300,4298.0,Completed
O004522,C0044,P013,2026-04-28,3,3499,50,10447.0,Completed
O004523,C0357,P010,2026-07-23,1,1599,50,1549.0,Returned
O004524,C0181,P006,2026-04-07,2,2799,150,5448.0,Completed
O004525,C0119,P001,2026-08-17,4,2499,50,9946.0,Completed
O004526,C0262,P008,2026-07-31,2,2299,50,4548.0,Completed
O004527,C0235,P002,2026-04-13,2,3999,0,7998.0,Completed
O004528,C0217,P012,2026-07-22,4,899,0,3596.0,Completed
O004529,C0219,P009,2026-06-02,3,1499,500,3997.0,Completed
O004530,C0220,P010,2026-05-02,1,1599,200,1399.0,Completed
O004531,C0068,P002,2026-04-19,4,3999,0,15996.0,Completed
O004532,C0448,P007,2026-06-21,3,1799,300,5097.0,Completed
O004533,C0051,P009,2026-07-10,1,1499,0,1499.0,Completed
O004534,C0098,P011,2026-05-23,3,1299,300,3597.0,Completed
O004535,C0196,P004,2026-08-21,1,5499,50,5449.0,Completed
O004536,C0494,P006,2026-05-06,3,2799,500,7897.0,Completed
O004537,C0386,P007,2026-08-21,1,1799,300,1499.0,Completed
O004538,C0198,P004,2026-04-13,4,5499,0,21996.0,Completed
O004539,C0468,P004,2026-08-04,1,5499,300,5199.0,Cancelled
O004540,C0080,P012,2026-05-14,1,899,0,899.0,Completed
O004541,C0006,P008,2026-07-26,1,2299,300,1999.0,Completed
O004542,C0408,P011,2026-06-29,2,1299,0,2598.0,Completed
O004543,C0351,P004,2026-05-22,4,5499,0,21996.0,Completed
O004544,C0304,P014,2026-08-17,3,5999,150,17847.0,Completed
O004545,C0444,P001,2026-05-23,3,2499,0,7497.0,Completed
O004546,C0079,P010,2026-06-25,3,1599,150,4647.0,Completed
O004547,C0151,P009,2026-09-15,2,1499,200,2798.0,Completed
O004548,C0500,P014,2026-04-30,2,5999,0,11998.0,Completed
O004549,C0127,P012,2026-04-28,2,899,50,1748.0,Completed
O004550,C0398,P015,2026-07-12,3,1199,0,3597.0,Completed
O004551,C0039,P014,2026-08-11,2,5999,200,11798.0,Completed
O004552,C0036,P011,2026-07-07,3,1299,500,3397.0,Completed
O004553,C0474,P015,2026-09-18,1,1199,50,1149.0,Completed
O004554,C0422,P001,2026-05-20,1,2499,300,2199.0,Completed
O004555,C0118,P006,2026-05-14,3,2799,0,8397.0,Completed
O004556,C0268,P005,2026-04-15,3,999,100,2897.0,Completed
O004557,C0101,P013,2026-03-24,1,3499,100,3399.0,Completed
O004558,C0413,P008,2026-08-28,4,2299,200,8996.0,Completed
O004559,C0291,P007,2026-08-17,3,1799,200,5197.0,Completed
O004560,C0068,P011,2026-08-12,3,1299,0,3897.0,Cancelled
O004561,C0303,P010,2026-07-17,2,1599,0,3198.0,Completed
O004562,C0397,P015,2026-09-04,2,1199,200,2198.0,Returned
O004563,C0483,P002,2026-07-30,4,3999,300,15696.0,Completed
O004564,C0461,P004,2026-05-10,2,5499,500,10498.0,Returned
O004565,C0222,P001,2026-04-21,4,2499,50,9946.0,Completed
O004566,C0106,P012,2026-09-18,3,899,0,2697.0,Completed
O004567,C0142,P003,2026-05-30,2,2999,50,5948.0,Completed
O004568,C0307,P009,2026-07-05,2,1499,0,2998.0,Completed
O004569,C0114,P003,2026-06-10,2,2999,300,5698.0,Completed
O004570,C0008,P002,2026-06-04,1,3999,150,3849.0,Completed
O004571,C0136,P013,2026-09-09,3,3499,50,10447.0,Cancelled
O004572,C0021,P003,2026-06-24,3,2999,100,8897.0,Completed
O004573,C0297,P005,2026-06-19,4,999,300,3696.0,Completed
O004574,C0488,P002,2026-09-06,1,3999,300,3699.0,Completed
O004575,C0153,P007,2026-08-25,3,1799,0,5397.0,Completed
O004576,C0127,P002,2026-06-19,3,3999,500,11497.0,Completed
O004577,C0259,P010,2026-07-19,1,1599,100,1499.0,Completed
O004578,C0145,P014,2026-06-13,2,5999,150,11848.0,Cancelled
O004579,C0347,P011,2026-06-28,1,1299,50,1249.0,Completed
O004580,C0334,P015,2026-09-02,1,1199,0,1199.0,Completed
O004581,C0181,P006,2026-08-16,3,2799,50,8347.0,Completed
O004582,C0081,P001,2026-07-22,2,2499,100,4898.0,Completed
O004583,C0181,P007,2026-05-03,4,1799,50,7146.0,Completed
O004584,C0108,P004,2026-08-14,4,5499,0,21996.0,Completed
O004585,C0437,P002,2026-08-28,2,3999,0,7998.0,Completed
O004586,C0400,P013,2026-06-01,3,3499,50,10447.0,Completed
O004587,C0451,P003,2026-06-26,3,2999,0,8997.0,Completed
O004588,C0081,P009,2026-07-04,2,1499,150,2848.0,Completed
O004589,C0419,P005,2026-05-26,2,999,100,1898.0,Completed
O004590,C0175,P002,2026-08-25,4,3999,300,15696.0,Completed
O004591,C0024,P009,2026-06-03,4,1499,200,5796.0,Completed
O004592,C0115,P012,2026-08-27,2,899,300,1498.0,Returned
O004593,C0268,P006,2026-07-15,3,2799,0,8397.0,Completed
O004594,C0156,P014,2026-05-02,1,5999,200,5799.0,Cancelled
O004595,C0448,P009,2026-07-22,3,1499,150,4347.0,Completed
O004596,C0454,P001,2026-08-23,2,2499,300,4698.0,Completed
O004597,C0206,P005,2026-06-12,3,999,100,2897.0,Completed
O004598,C0439,P014,2026-06-14,4,5999,300,23696.0,Completed
O004599,C0224,P002,2026-03-31,2,3999,0,7998.0,Completed
O004600,C0411,P010,2026-04-25,3,1599,150,4647.0,Completed
O004601,C0493,P008,2026-06-02,2,2299,150,4448.0,Completed
O004602,C0303,P011,2026-08-01,4,1299,300,4896.0,Returned
O004603,C0210,P008,2026-03-26,3,2299,500,6397.0,Completed
O004604,C0058,P008,2026-08-18,1,2299,300,1999.0,Completed
O004605,C0444,P005,2026-04-11,4,999,0,3996.0,Completed
O004606,C0390,P004,2026-04-17,3,5499,500,15997.0,Completed
O004607,C0235,P014,2026-07-10,3,5999,300,17697.0,Completed
O004608,C0001,P011,2026-08-07,3,1299,0,3897.0,Completed
O004609,C0206,P001,2026-07-25,1,2499,300,2199.0,Completed
O004610,C0118,P010,2026-06-02,2,1599,100,3098.0,Completed
O004611,C0499,P006,2026-03-26,4,2799,200,10996.0,Completed
O004612,C0484,P005,2026-09-03,3,999,0,2997.0,Completed
O004613,C0196,P007,2026-06-17,2,1799,500,3098.0,Completed
O004614,C0068,P014,2026-08-12,3,5999,50,17947.0,Completed
O004615,C0233,P014,2026-07-14,2,5999,200,11798.0,Completed
O004616,C0495,P001,2026-04-05,2,2499,200,4798.0,Cancelled
O004617,C0345,P014,2026-09-18,2,5999,200,11798.0,Cancelled
O004618,C0209,P012,2026-06-07,2,899,300,1498.0,Completed
O004619,C0405,P002,2026-08-01,4,3999,100,15896.0,Completed
O004620,C0279,P004,2026-09-09,4,5499,0,21996.0,Completed
O004621,C0149,P009,2026-03-26,3,1499,100,4397.0,Completed
O004622,C0047,P001,2026-07-12,1,2499,50,2449.0,Completed
O004623,C0177,P010,2026-08-25,3,1599,0,4797.0,Completed
O004624,C0001,P013,2026-04-28,3,3499,200,10297.0,Completed
O004625,C0474,P012,2026-06-19,4,899,500,3096.0,Completed
O004626,C0390,P008,2026-06-29,1,2299,100,2199.0,Completed
O004627,C0072,P001,2026-05-16,2,2499,300,4698.0,Completed
O004628,C0344,P005,2026-07-03,2,999,150,1848.0,Completed
O004629,C0295,P007,2026-04-17,2,1799,100,3498.0,Completed
O004630,C0339,P003,2026-06-24,2,2999,100,5898.0,Completed
O004631,C0205,P002,2026-07-14,4,3999,0,15996.0,Completed
O004632,C0439,P002,2026-06-01,4,3999,150,15846.0,Completed
O004633,C0225,P008,2026-09-10,4,2299,50,9146.0,Completed
O004634,C0068,P007,2026-07-13,2,1799,300,3298.0,Completed
O004635,C0352,P001,2026-05-28,4,2499,500,9496.0,Completed
O004636,C0499,P013,2026-09-13,3,3499,150,10347.0,Completed
O004637,C0111,P005,2026-08-19,3,999,50,2947.0,Completed
O004638,C0085,P008,2026-03-29,4,2299,150,9046.0,Returned
O004639,C0400,P004,2026-07-19,4,5499,300,21696.0,Completed
O004640,C0234,P005,2026-04-29,1,999,150,849.0,Completed
O004641,C0454,P008,2026-06-20,4,2299,500,8696.0,Completed
O004642,C0295,P008,2026-06-06,3,2299,100,6797.0,Completed
O004643,C0147,P013,2026-09-04,4,3499,100,13896.0,Completed
O004644,C0031,P010,2026-09-02,1,1599,0,1599.0,Completed
O004645,C0278,P014,2026-07-04,3,5999,0,17997.0,Completed
O004646,C0165,P012,2026-06-04,2,899,100,1698.0,Completed
O004647,C0157,P004,2026-06-23,3,5499,300,16197.0,Completed
O004648,C0493,P003,2026-07-05,2,2999,50,5948.0,Completed
O004649,C0022,P011,2026-05-27,1,1299,0,1299.0,Completed
O004650,C0448,P010,2026-04-06,1,1599,0,1599.0,Completed
O004651,C0425,P005,2026-04-10,3,999,300,2697.0,Completed
O004652,C0350,P013,2026-04-11,4,3499,200,13796.0,Completed
O004653,C0056,P011,2026-07-14,3,1299,100,3797.0,Completed
O004654,C0125,P007,2026-06-09,4,1799,0,7196.0,Completed
O004655,C0233,P008,2026-07-30,4,2299,0,9196.0,Completed
O004656,C0326,P007,2026-06-01,4,1799,0,7196.0,Completed
O004657,C0377,P010,2026-09-09,4,1599,300,6096.0,Completed
O004658,C0400,P014,2026-08-26,4,5999,50,23946.0,Completed
O004659,C0176,P012,2026-07-03,2,899,200,1598.0,Completed
O004660,C0297,P010,2026-08-03,3,1599,0,4797.0,Completed
O004661,C0036,P005,2026-09-15,2,999,100,1898.0,Completed
O004662,C0375,P003,2026-07-08,2,2999,500,5498.0,Completed
O004663,C0448,P001,2026-07-23,3,2499,150,7347.0,Completed
O004664,C0312,P009,2026-04-30,4,1499,50,5946.0,Completed
O004665,C0029,P006,2026-04-13,1,2799,100,2699.0,Completed
O004666,C0177,P001,2026-06-08,3,2499,500,6997.0,Completed
O004667,C0113,P004,2026-07-16,1,5499,150,5349.0,Completed
O004668,C0242,P006,2026-07-16,2,2799,150,5448.0,Completed
O004669,C0140,P014,2026-05-09,2,5999,0,11998.0,Completed
O004670,C0118,P005,2026-09-10,1,999,0,999.0,Completed
O004671,C0370,P004,2026-06-21,4,5499,100,21896.0,Cancelled
O004672,C0257,P015,2026-06-09,4,1199,300,4496.0,Completed
O004673,C0454,P008,2026-04-15,4,2299,150,9046.0,Completed
O004674,C0093,P015,2026-07-29,3,1199,0,3597.0,Completed
O004675,C0003,P003,2026-05-11,3,2999,200,8797.0,Completed
O004676,C0491,P007,2026-06-19,3,1799,0,5397.0,Completed
O004677,C0310,P015,2026-09-15,3,1199,50,3547.0,Completed
O004678,C0267,P010,2026-08-28,3,1599,200,4597.0,Completed
O004679,C0030,P013,2026-05-04,3,3499,0,10497.0,Cancelled
O004680,C0268,P007,2026-08-01,3,1799,200,5197.0,Completed
O004681,C0454,P002,2026-06-18,4,3999,500,15496.0,Completed
O004682,C0081,P004,2026-08-19,2,5499,0,10998.0,Completed
O004683,C0254,P013,2026-04-05,1,3499,0,3499.0,Cancelled
O004684,C0496,P009,2026-06-28,1,1499,150,1349.0,Completed
O004685,C0067,P012,2026-05-01,2,899,150,1648.0,Completed
O004686,C0301,P015,2026-05-22,3,1199,500,3097.0,Cancelled
O004687,C0444,P001,2026-04-07,1,2499,50,2449.0,Completed
O004688,C0076,P008,2026-04-14,2,2299,150,4448.0,Cancelled
O004689,C0135,P012,2026-05-11,4,899,0,3596.0,Completed
O004690,C0151,P015,2026-05-11,3,1199,200,3397.0,Completed
O004691,C0493,P002,2026-03-31,3,3999,100,11897.0,Completed
O004692,C0420,P005,2026-07-15,3,999,0,2997.0,Completed
O004693,C0049,P011,2026-08-26,1,1299,0,1299.0,Cancelled
O004694,C0380,P007,2026-09-07,3,1799,150,5247.0,Completed
O004695,C0148,P008,2026-05-21,4,2299,300,8896.0,Completed
O004696,C0142,P006,2026-08-11,3,2799,0,8397.0,Completed
O004697,C0082,P010,2026-07-04,1,1599,50,1549.0,Returned
O004698,C0450,P015,2026-04-30,3,1199,200,3397.0,Completed
O004699,C0142,P011,2026-03-27,1,1299,0,1299.0,Completed
O004700,C0057,P015,2026-09-14,4,1199,300,4496.0,Completed
O004701,C0009,P001,2026-09-08,2,2499,50,4948.0,Completed
O004702,C0413,P012,2026-08-06,1,899,300,599.0,Completed
O004703,C0431,P009,2026-09-13,2,1499,50,2948.0,Completed
O004704,C0422,P008,2026-05-04,3,2299,300,6597.0,Completed
O004705,C0180,P014,2026-03-29,4,5999,50,23946.0,Completed
O004706,C0318,P005,2026-03-22,4,999,0,3996.0,Completed
O004707,C0277,P004,2026-07-26,2,5499,200,10798.0,Completed
O004708,C0067,P009,2026-09-18,4,1499,0,5996.0,Completed
O004709,C0072,P001,2026-05-29,1,2499,500,1999.0,Completed
O004710,C0306,P008,2026-05-09,2,2299,150,4448.0,Completed
O004711,C0490,P002,2026-04-13,2,3999,200,7798.0,Completed
O004712,C0082,P015,2026-09-11,1,1199,200,999.0,Cancelled
O004713,C0465,P015,2026-08-30,1,1199,50,1149.0,Returned
O004714,C0192,P001,2026-06-03,4,2499,0,9996.0,Completed
O004715,C0080,P013,2026-03-25,2,3499,150,6848.0,Completed
O004716,C0166,P014,2026-05-28,3,5999,500,17497.0,Completed
O004717,C0418,P007,2026-08-17,3,1799,0,5397.0,Completed
O004718,C0458,P002,2026-06-30,3,3999,300,11697.0,Returned
O004719,C0117,P004,2026-06-29,1,5499,0,5499.0,Completed
O004720,C0439,P006,2026-05-17,4,2799,50,11146.0,Completed
O004721,C0237,P009,2026-06-18,4,1499,300,5696.0,Completed
O004722,C0477,P010,2026-05-13,2,1599,0,3198.0,Completed
O004723,C0495,P001,2026-04-26,4,2499,50,9946.0,Completed
O004724,C0015,P015,2026-05-10,1,1199,0,1199.0,Completed
O004725,C0003,P015,2026-08-19,3,1199,500,3097.0,Completed
O004726,C0386,P008,2026-05-15,1,2299,0,2299.0,Completed
O004727,C0095,P006,2026-08-02,1,2799,150,2649.0,Completed
O004728,C0392,P006,2026-08-14,2,2799,50,5548.0,Completed
O004729,C0041,P010,2026-07-17,1,1599,150,1449.0,Completed
O004730,C0377,P001,2026-06-08,3,2499,100,7397.0,Completed
O004731,C0271,P004,2026-07-04,3,5499,0,16497.0,Completed
O004732,C0323,P001,2026-04-23,3,2499,100,7397.0,Completed
O004733,C0189,P008,2026-07-30,1,2299,150,2149.0,Completed
O004734,C0195,P014,2026-06-27,4,5999,200,23796.0,Completed
O004735,C0073,P010,2026-09-07,2,1599,200,2998.0,Returned
O004736,C0256,P011,2026-08-03,2,1299,50,2548.0,Completed
O004737,C0365,P009,2026-08-03,1,1499,0,1499.0,Completed
O004738,C0113,P006,2026-07-11,2,2799,0,5598.0,Completed
O004739,C0246,P006,2026-09-12,4,2799,150,11046.0,Returned
O004740,C0206,P008,2026-07-28,4,2299,500,8696.0,Completed
O004741,C0493,P007,2026-08-10,3,1799,200,5197.0,Completed
O004742,C0121,P012,2026-08-16,3,899,200,2497.0,Completed
O004743,C0072,P002,2026-08-31,2,3999,200,7798.0,Completed
O004744,C0488,P008,2026-09-13,3,2299,200,6697.0,Completed
O004745,C0150,P010,2026-05-31,2,1599,500,2698.0,Completed
O004746,C0224,P005,2026-09-18,1,999,0,999.0,Completed
O004747,C0252,P007,2026-07-13,2,1799,300,3298.0,Completed
O004748,C0065,P014,2026-07-08,1,5999,500,5499.0,Completed
O004749,C0105,P005,2026-06-11,4,999,200,3796.0,Completed
O004750,C0166,P013,2026-04-19,4,3499,150,13846.0,Completed
O004751,C0213,P009,2026-03-24,4,1499,100,5896.0,Completed
O004752,C0027,P010,2026-07-29,2,1599,200,2998.0,Completed
O004753,C0032,P014,2026-05-10,1,5999,300,5699.0,Completed
O004754,C0048,P013,2026-09-04,3,3499,500,9997.0,Completed
O004755,C0080,P015,2026-04-23,3,1199,50,3547.0,Completed
O004756,C0390,P009,2026-09-07,2,1499,150,2848.0,Completed
O004757,C0235,P007,2026-08-14,4,1799,0,7196.0,Completed
O004758,C0392,P005,2026-04-12,4,999,0,3996.0,Completed
O004759,C0459,P009,2026-03-24,1,1499,150,1349.0,Completed
O004760,C0089,P015,2026-04-09,3,1199,0,3597.0,Completed
O004761,C0151,P014,2026-05-22,2,5999,500,11498.0,Completed
O004762,C0464,P009,2026-07-24,4,1499,300,5696.0,Completed
O004763,C0157,P006,2026-07-06,3,2799,150,8247.0,Completed
O004764,C0157,P004,2026-04-01,2,5499,300,10698.0,Completed
O004765,C0212,P008,2026-08-31,3,2299,300,6597.0,Completed
O004766,C0241,P003,2026-05-13,1,2999,200,2799.0,Completed
O004767,C0352,P014,2026-04-18,3,5999,0,17997.0,Completed
O004768,C0074,P012,2026-07-13,3,899,300,2397.0,Completed
O004769,C0483,P011,2026-04-01,2,1299,200,2398.0,Completed
O004770,C0048,P015,2026-09-04,3,1199,200,3397.0,Completed
O004771,C0101,P009,2026-09-10,2,1499,0,2998.0,Completed
O004772,C0156,P014,2026-04-13,3,5999,50,17947.0,Completed
O004773,C0184,P003,2026-05-16,4,2999,150,11846.0,Returned
O004774,C0175,P007,2026-06-03,4,1799,150,7046.0,Completed
O004775,C0002,P008,2026-06-17,1,2299,500,1799.0,Completed
O004776,C0400,P015,2026-07-16,1,1199,0,1199.0,Completed
O004777,C0175,P002,2026-06-06,2,3999,150,7848.0,Completed
O004778,C0142,P010,2026-05-13,2,1599,200,2998.0,Completed
O004779,C0209,P015,2026-08-02,3,1199,50,3547.0,Completed
O004780,C0390,P004,2026-05-30,3,5499,500,15997.0,Completed
O004781,C0210,P006,2026-08-18,4,2799,200,10996.0,Completed
O004782,C0236,P001,2026-06-07,3,2499,200,7297.0,Completed
O004783,C0118,P011,2026-05-17,2,1299,150,2448.0,Cancelled
O004784,C0210,P009,2026-04-17,4,1499,500,5496.0,Completed
O004785,C0198,P013,2026-03-22,2,3499,50,6948.0,Completed
O004786,C0119,P013,2026-07-03,1,3499,500,2999.0,Returned
O004787,C0352,P004,2026-06-18,3,5499,0,16497.0,Completed
O004788,C0295,P008,2026-04-04,4,2299,0,9196.0,Completed
O004789,C0059,P002,2026-07-18,3,3999,150,11847.0,Completed
O004790,C0106,P013,2026-05-22,3,3499,150,10347.0,Completed
O004791,C0428,P015,2026-04-25,3,1199,500,3097.0,Completed
O004792,C0491,P006,2026-07-02,4,2799,200,10996.0,Completed
O004793,C0104,P006,2026-06-09,3,2799,500,7897.0,Completed
O004794,C0255,P006,2026-05-15,3,2799,500,7897.0,Completed
O004795,C0145,P003,2026-08-06,2,2999,50,5948.0,Completed
O004796,C0176,P006,2026-07-24,1,2799,200,2599.0,Completed
O004797,C0140,P014,2026-07-28,4,5999,200,23796.0,Completed
O004798,C0196,P007,2026-08-04,1,1799,50,1749.0,Completed
O004799,C0118,P011,2026-07-05,1,1299,100,1199.0,Completed
O004800,C0100,P012,2026-03-22,3,899,500,2197.0,Completed
O004801,C0228,P002,2026-08-20,3,3999,300,11697.0,Cancelled
O004802,C0215,P011,2026-07-26,1,1299,150,1149.0,Completed
O004803,C0236,P012,2026-04-22,2,899,150,1648.0,Completed
O004804,C0361,P006,2026-08-01,3,2799,0,8397.0,Completed
O004805,C0242,P005,2026-03-31,3,999,300,2697.0,Completed
O004806,C0017,P004,2026-03-26,4,5499,0,21996.0,Completed
O004807,C0159,P010,2026-04-17,1,1599,0,1599.0,Completed
O004808,C0023,P007,2026-08-16,4,1799,150,7046.0,Completed
O004809,C0262,P007,2026-06-10,2,1799,200,3398.0,Completed
O004810,C0190,P015,2026-06-23,2,1199,0,2398.0,Completed
O004811,C0399,P004,2026-07-02,4,5499,500,21496.0,Completed
O004812,C0162,P004,2026-05-22,4,5499,500,21496.0,Completed
O004813,C0339,P013,2026-04-02,3,3499,300,10197.0,Completed
O004814,C0223,P003,2026-05-30,2,2999,100,5898.0,Completed
O004815,C0500,P004,2026-04-18,2,5499,200,10798.0,Completed
O004816,C0304,P001,2026-05-09,1,2499,150,2349.0,Completed
O004817,C0231,P015,2026-07-26,3,1199,50,3547.0,Completed
O004818,C0304,P004,2026-09-10,4,5499,300,21696.0,Completed
O004819,C0145,P008,2026-04-07,4,2299,500,8696.0,Returned
O004820,C0120,P009,2026-09-18,1,1499,100,1399.0,Completed
O004821,C0468,P011,2026-07-16,1,1299,0,1299.0,Completed
O004822,C0106,P013,2026-06-23,3,3499,300,10197.0,Completed
O004823,C0075,P007,2026-06-17,1,1799,50,1749.0,Completed
O004824,C0336,P007,2026-08-20,2,1799,500,3098.0,Returned
O004825,C0357,P013,2026-07-29,1,3499,50,3449.0,Completed
O004826,C0251,P007,2026-04-13,4,1799,0,7196.0,Completed
O004827,C0337,P003,2026-04-10,2,2999,50,5948.0,Completed
O004828,C0329,P003,2026-06-26,3,2999,50,8947.0,Completed
O004829,C0058,P010,2026-06-15,4,1599,50,6346.0,Completed
O004830,C0454,P005,2026-07-15,4,999,200,3796.0,Returned
O004831,C0318,P011,2026-06-25,3,1299,300,3597.0,Completed
O004832,C0082,P006,2026-06-03,3,2799,150,8247.0,Completed
O004833,C0059,P009,2026-04-12,1,1499,200,1299.0,Completed
O004834,C0482,P008,2026-09-13,2,2299,0,4598.0,Completed
O004835,C0030,P004,2026-07-13,1,5499,100,5399.0,Completed
O004836,C0370,P007,2026-08-06,3,1799,0,5397.0,Completed
O004837,C0127,P014,2026-05-27,4,5999,0,23996.0,Completed
O004838,C0068,P003,2026-05-27,1,2999,0,2999.0,Completed
O004839,C0113,P004,2026-05-29,2,5499,200,10798.0,Cancelled
O004840,C0473,P002,2026-07-13,1,3999,50,3949.0,Completed
O004841,C0095,P015,2026-05-11,4,1199,0,4796.0,Completed
O004842,C0236,P015,2026-07-19,4,1199,150,4646.0,Completed
O004843,C0027,P012,2026-09-07,1,899,300,599.0,Completed
O004844,C0210,P002,2026-06-26,2,3999,500,7498.0,Completed
O004845,C0299,P006,2026-07-07,1,2799,500,2299.0,Completed
O004846,C0350,P014,2026-05-08,1,5999,300,5699.0,Returned
O004847,C0242,P003,2026-08-08,1,2999,150,2849.0,Completed
O004848,C0247,P007,2026-04-17,1,1799,150,1649.0,Completed
O004849,C0424,P010,2026-05-18,2,1599,0,3198.0,Completed
O004850,C0337,P003,2026-09-05,4,2999,150,11846.0,Completed
O004851,C0192,P005,2026-06-06,4,999,500,3496.0,Completed
O004852,C0304,P002,2026-06-12,4,3999,0,15996.0,Completed
O004853,C0347,P013,2026-06-29,2,3499,0,6998.0,Completed
O004854,C0115,P013,2026-09-03,1,3499,500,2999.0,Completed
O004855,C0137,P003,2026-09-18,3,2999,0,8997.0,Returned
O004856,C0220,P011,2026-08-10,1,1299,0,1299.0,Completed
O004857,C0453,P006,2026-07-01,1,2799,100,2699.0,Cancelled
O004858,C0069,P010,2026-03-24,4,1599,500,5896.0,Completed
O004859,C0080,P002,2026-04-08,3,3999,100,11897.0,Completed
O004860,C0320,P015,2026-06-17,4,1199,50,4746.0,Returned
O004861,C0193,P013,2026-05-05,1,3499,50,3449.0,Completed
O004862,C0279,P012,2026-06-23,1,899,500,399.0,Completed
O004863,C0246,P001,2026-05-11,2,2499,100,4898.0,Completed
O004864,C0173,P009,2026-05-10,2,1499,150,2848.0,Completed
O004865,C0310,P011,2026-07-04,1,1299,0,1299.0,Completed
O004866,C0111,P015,2026-07-22,3,1199,0,3597.0,Completed
O004867,C0480,P005,2026-09-14,4,999,100,3896.0,Completed
O004868,C0065,P001,2026-06-07,2,2499,0,4998.0,Completed
O004869,C0420,P013,2026-08-08,1,3499,50,3449.0,Completed
O004870,C0049,P010,2026-07-31,3,1599,200,4597.0,Returned
O004871,C0289,P012,2026-05-17,4,899,0,3596.0,Completed
O004872,C0390,P014,2026-07-26,4,5999,0,23996.0,Completed
O004873,C0045,P014,2026-05-10,4,5999,0,23996.0,Completed
O004874,C0198,P009,2026-08-15,4,1499,0,5996.0,Completed
O004875,C0067,P005,2026-06-14,4,999,0,3996.0,Completed
O004876,C0188,P005,2026-05-14,2,999,200,1798.0,Completed
O004877,C0182,P009,2026-08-11,3,1499,0,4497.0,Completed
O004878,C0436,P007,2026-09-08,4,1799,500,6696.0,Completed
O004879,C0032,P001,2026-05-18,4,2499,150,9846.0,Completed
O004880,C0491,P011,2026-04-11,4,1299,100,5096.0,Completed
O004881,C0234,P013,2026-05-19,2,3499,0,6998.0,Completed
O004882,C0119,P010,2026-06-15,4,1599,500,5896.0,Completed
O004883,C0242,P015,2026-04-20,3,1199,200,3397.0,Completed
O004884,C0140,P009,2026-08-19,3,1499,0,4497.0,Completed
O004885,C0458,P008,2026-08-07,2,2299,0,4598.0,Completed
O004886,C0157,P007,2026-06-04,1,1799,200,1599.0,Completed
O004887,C0027,P008,2026-07-22,3,2299,150,6747.0,Completed
O004888,C0063,P002,2026-07-23,1,3999,0,3999.0,Returned
O004889,C0281,P008,2026-07-15,4,2299,150,9046.0,Completed
O004890,C0339,P012,2026-06-17,3,899,300,2397.0,Completed
O004891,C0245,P010,2026-05-03,4,1599,50,6346.0,Completed
O004892,C0281,P004,2026-05-29,3,5499,200,16297.0,Returned
O004893,C0344,P001,2026-08-24,2,2499,0,4998.0,Completed
O004894,C0494,P011,2026-07-06,4,1299,200,4996.0,Completed
O004895,C0210,P007,2026-04-08,2,1799,300,3298.0,Completed
O004896,C0067,P015,2026-03-30,4,1199,500,4296.0,Completed
O004897,C0453,P008,2026-07-12,4,2299,500,8696.0,Completed
O004898,C0231,P001,2026-04-27,2,2499,300,4698.0,Completed
O004899,C0241,P008,2026-04-08,2,2299,500,4098.0,Completed
O004900,C0047,P001,2026-06-21,4,2499,100,9896.0,Completed
O004901,C0268,P010,2026-05-08,4,1599,50,6346.0,Completed
O004902,C0022,P007,2026-05-12,2,1799,150,3448.0,Completed
O004903,C0086,P011,2026-04-27,2,1299,0,2598.0,Completed
O004904,C0292,P015,2026-06-01,2,1199,150,2248.0,Completed
O004905,C0403,P007,2026-08-13,1,1799,300,1499.0,Cancelled
O004906,C0117,P012,2026-07-02,2,899,0,1798.0,Completed
O004907,C0328,P003,2026-07-12,2,2999,200,5798.0,Completed
O004908,C0188,P006,2026-04-14,2,2799,150,5448.0,Completed
O004909,C0157,P004,2026-03-30,4,5499,0,21996.0,Completed
O004910,C0452,P005,2026-06-03,3,999,200,2797.0,Completed
O004911,C0399,P006,2026-04-20,2,2799,0,5598.0,Returned
O004912,C0318,P013,2026-05-03,1,3499,150,3349.0,Completed
O004913,C0498,P005,2026-06-12,2,999,0,1998.0,Completed
O004914,C0215,P007,2026-06-23,3,1799,50,5347.0,Completed
O004915,C0020,P008,2026-08-08,4,2299,500,8696.0,Completed
O004916,C0343,P003,2026-08-20,1,2999,100,2899.0,Returned
O004917,C0080,P002,2026-07-23,2,3999,0,7998.0,Completed
O004918,C0473,P002,2026-07-06,3,3999,300,11697.0,Completed
O004919,C0493,P010,2026-08-13,2,1599,500,2698.0,Completed
O004920,C0236,P003,2026-09-17,4,2999,100,11896.0,Completed
O004921,C0413,P003,2026-07-04,3,2999,200,8797.0,Completed
O004922,C0427,P002,2026-06-09,4,3999,300,15696.0,Completed
O004923,C0209,P001,2026-05-07,2,2499,100,4898.0,Completed
O004924,C0244,P001,2026-03-26,4,2499,0,9996.0,Completed
O004925,C0354,P001,2026-06-09,2,2499,500,4498.0,Completed
O004926,C0044,P003,2026-09-12,1,2999,50,2949.0,Completed
O004927,C0356,P011,2026-07-25,1,1299,0,1299.0,Completed
O004928,C0173,P005,2026-05-31,1,999,300,699.0,Completed
O004929,C0309,P003,2026-05-29,1,2999,0,2999.0,Completed
O004930,C0067,P014,2026-09-04,4,5999,200,23796.0,Completed
O004931,C0399,P002,2026-07-03,3,3999,50,11947.0,Completed
O004932,C0278,P008,2026-05-04,3,2299,150,6747.0,Completed
O004933,C0106,P014,2026-07-23,4,5999,0,23996.0,Completed
O004934,C0392,P006,2026-05-12,3,2799,100,8297.0,Completed
O004935,C0500,P006,2026-05-21,4,2799,50,11146.0,Completed
O004936,C0101,P007,2026-04-03,1,1799,300,1499.0,Completed
O004937,C0454,P005,2026-08-21,3,999,500,2497.0,Completed
O004938,C0068,P007,2026-05-29,4,1799,0,7196.0,Completed
O004939,C0254,P006,2026-03-23,1,2799,500,2299.0,Completed
O004940,C0027,P012,2026-07-27,1,899,300,599.0,Completed
O004941,C0444,P008,2026-08-27,2,2299,0,4598.0,Completed
O004942,C0041,P010,2026-04-21,2,1599,0,3198.0,Completed
O004943,C0076,P009,2026-05-21,3,1499,50,4447.0,Completed
O004944,C0073,P010,2026-05-29,4,1599,0,6396.0,Completed
O004945,C0446,P004,2026-07-29,4,5499,200,21796.0,Completed
O004946,C0476,P002,2026-06-12,3,3999,200,11797.0,Completed
O004947,C0043,P007,2026-04-12,2,1799,500,3098.0,Completed
O004948,C0079,P001,2026-07-17,4,2499,200,9796.0,Completed
O004949,C0451,P002,2026-06-06,3,3999,50,11947.0,Completed
O004950,C0230,P014,2026-05-01,2,5999,300,11698.0,Completed
O004951,C0157,P010,2026-09-15,1,1599,100,1499.0,Completed
O004952,C0139,P011,2026-05-21,4,1299,500,4696.0,Completed
O004953,C0326,P007,2026-05-04,4,1799,500,6696.0,Completed
O004954,C0117,P005,2026-05-11,2,999,150,1848.0,Completed
O004955,C0157,P014,2026-08-01,3,5999,500,17497.0,Completed
O004956,C0299,P014,2026-07-21,4,5999,200,23796.0,Completed
O004957,C0474,P007,2026-08-01,3,1799,100,5297.0,Completed
O004958,C0326,P001,2026-05-18,2,2499,0,4998.0,Completed
O004959,C0255,P011,2026-04-23,1,1299,150,1149.0,Completed
O004960,C0286,P014,2026-08-29,4,5999,0,23996.0,Completed
O004961,C0027,P010,2026-08-22,3,1599,0,4797.0,Completed
O004962,C0352,P006,2026-07-22,4,2799,100,11096.0,Completed
O004963,C0129,P015,2026-06-27,2,1199,300,2098.0,Completed
O004964,C0352,P014,2026-06-23,2,5999,50,11948.0,Completed
O004965,C0075,P015,2026-07-05,1,1199,100,1099.0,Completed
O004966,C0107,P001,2026-08-30,1,2499,150,2349.0,Cancelled
O004967,C0478,P002,2026-07-19,3,3999,50,11947.0,Completed
O004968,C0491,P012,2026-05-08,1,899,500,399.0,Completed
O004969,C0189,P005,2026-07-25,1,999,150,849.0,Returned
O004970,C0149,P007,2026-08-31,1,1799,0,1799.0,Completed
O004971,C0119,P003,2026-06-14,2,2999,100,5898.0,Completed
O004972,C0378,P005,2026-05-02,4,999,150,3846.0,Completed
O004973,C0258,P011,2026-08-26,2,1299,200,2398.0,Completed
O004974,C0198,P015,2026-04-12,4,1199,500,4296.0,Cancelled
O004975,C0115,P014,2026-05-03,1,5999,50,5949.0,Completed
O004976,C0478,P003,2026-05-21,3,2999,500,8497.0,Completed
O004977,C0004,P001,2026-08-23,2,2499,50,4948.0,Completed
O004978,C0279,P001,2026-06-06,1,2499,300,2199.0,Completed
O004979,C0196,P002,2026-04-28,3,3999,150,11847.0,Completed
O004980,C0236,P004,2026-05-27,3,5499,200,16297.0,Completed
O004981,C0028,P012,2026-09-02,3,899,50,2647.0,Completed
O004982,C0192,P010,2026-09-18,4,1599,50,6346.0,Completed
O004983,C0378,P007,2026-05-29,4,1799,200,6996.0,Returned
O004984,C0106,P010,2026-05-20,2,1599,150,3048.0,Completed
O004985,C0192,P010,2026-06-11,1,1599,150,1449.0,Completed
O004986,C0380,P013,2026-05-05,2,3499,200,6798.0,Completed
O004987,C0269,P012,2026-07-16,2,899,200,1598.0,Completed
O004988,C0434,P013,2026-05-24,1,3499,100,3399.0,Completed
O004989,C0236,P004,2026-05-24,3,5499,200,16297.0,Completed
O004990,C0439,P011,2026-05-07,2,1299,0,2598.0,Cancelled
O004991,C0206,P005,2026-04-30,1,999,50,949.0,Completed
O004992,C0234,P015,2026-08-31,3,1199,0,3597.0,Completed
O004993,C0176,P004,2026-04-05,4,5499,50,21946.0,Completed
O004994,C0159,P001,2026-07-02,3,2499,0,7497.0,Completed
O004995,C0115,P014,2026-04-15,2,5999,200,11798.0,Completed
O004996,C0236,P012,2026-06-21,1,899,200,699.0,Completed
O004997,C0451,P008,2026-08-31,1,2299,150,2149.0,Cancelled
O004998,C0028,P005,2026-09-03,2,999,50,1948.0,Completed
O004999,C0341,P005,2026-06-08,3,999,300,2697.0,Completed
O005000,C0295,P010,2026-06-25,2,1599,200,2998.0,Completed
